{"effects":{"lambert-fx":{"meta":{"normals":true},"parameters":{"diffuse":"file1"},"type":"lambert"}},"geometries":{"cubeShape":{"inputs":{"BINORMAL":{"offset":3,"source":"geobinormal"},"NORMAL":{"offset":4,"source":"normal"},"POSITION":{"offset":0,"source":"position"},"TANGENT":{"offset":2,"source":"geotangent"},"TEXCOORD0":{"offset":1,"source":"map1"}},"meta":{"graphics":true},"sources":{"geobinormal":{"data":[0,1,0,-1,0,0,0,-1,0,1,0,0,0,0,-1,0,0,1],"max":[1,1,1],"min":[-1,-1,-1],"stride":3},"geotangent":{"data":[1,0,0,0,1,0,-1,0,0,0,-1,0,0,0,-1,0,0,1],"max":[1,1,1],"min":[-1,-1,-1],"stride":3},"map1":{"data":[0,1,1,1,1,0,0,0],"max":[1,1],"min":[0,0],"stride":2},"normal":{"data":[0,0,1,0,1,0,0,0,-1,0,-1,0,1,0,0,-1,0,0],"max":[1,1,1],"min":[-1,-1,-1],"stride":3},"position":{"data":[-0.5,-0.5,0.5,0.5,-0.5,0.5,0.5,0.5,0.5,-0.5,0.5,0.5,0.5,0.5,-0.5,-0.5,0.5,-0.5,0.5,-0.5,-0.5,-0.5,-0.5,-0.5],"max":[0.5,0.5,0.5],"min":[-0.5,-0.5,-0.5],"stride":3}},"surfaces":{"lambert2SG":{"numPrimitives":12,"triangles":[0,0,0,0,0,1,1,1,1,0,2,2,2,2,0,0,0,0,0,0,2,2,2,2,0,3,3,3,3,0,3,0,0,4,1,2,1,4,1,1,4,2,2,5,1,3,0,0,4,1,4,2,2,5,1,5,3,5,3,1,5,0,0,2,2,4,1,3,1,2,6,2,2,0,2,5,0,0,2,2,6,2,2,0,2,7,3,1,3,2,7,0,0,5,3,6,1,5,1,3,1,2,2,4,3,7,0,0,5,3,1,2,2,4,3,0,3,4,3,3,1,0,4,0,4,6,1,1,5,4,4,2,5,2,4,1,0,4,0,4,4,2,5,2,4,2,3,3,4,4,7,0,5,0,5,0,1,1,4,5,3,2,4,2,5,7,0,5,0,5,3,2,4,2,5,5,3,3,5,5]}}}},"images":{"file1":"textures/crate.jpg"},"materials":{"lambert":{"effect":"lambert-fx"}},"nodes":{"cube":{"geometryinstances":{"cubeShape":{"geometry":"cubeShape","material":"lambert","surface":"lambert2SG"}}}},"version":1}
