{"version": 1,"name": "debug.cgfx","parameters":{"skinBones":{"type": "float","rows": 225,"columns": 4},"worldViewProjection":{"type": "float","rows": 4,"columns": 4},"worldInverseTranspose":{"type": "float","rows": 3,"columns": 3},"constantColor":{"type": "float","columns": 4},"windowScale":{"type": "float","columns": 2},"wireColor":{"type": "float","columns": 4},"fillColor":{"type": "float","columns": 4},"alphaRef":{"type": "float"},"alpha":{"type": "float","values": [1]}},"techniques":{"debug_normals":[{"name": "p0","parameters": ["worldViewProjection","worldInverseTranspose"],"semantics": ["ATTR0","ATTR2","ATTR14","ATTR15"],"states":{"DepthTestEnable": true,"DepthFunc": 515,"DepthMask": true,"CullFaceEnable": true,"CullFace": 1029,"BlendEnable": false},"programs": ["vp_normals","fp_normals"]}],"debug_normals_skinned":[{"name": "p0","parameters": ["skinBones","worldViewProjection","worldInverseTranspose"],"semantics": ["ATTR0","ATTR2","ATTR14","ATTR15","ATTR7","ATTR1"],"states":{"DepthTestEnable": true,"DepthFunc": 515,"DepthMask": true,"CullFaceEnable": true,"CullFace": 1029,"BlendEnable": false},"programs": ["vp_normals_skinned","fp_normals"]}],"debug_tangents":[{"name": "p0","parameters": ["worldViewProjection","worldInverseTranspose"],"semantics": ["ATTR0","ATTR2","ATTR14","ATTR15"],"states":{"DepthTestEnable": true,"DepthFunc": 515,"DepthMask": true,"CullFaceEnable": true,"CullFace": 1029,"BlendEnable": false},"programs": ["vp_tangents","fp_normals"]}],"debug_tangents_skinned":[{"name": "p0","parameters": ["skinBones","worldViewProjection","worldInverseTranspose"],"semantics": ["ATTR0","ATTR2","ATTR14","ATTR15","ATTR7","ATTR1"],"states":{"DepthTestEnable": true,"DepthFunc": 515,"DepthMask": true,"CullFaceEnable": true,"CullFace": 1029,"BlendEnable": false},"programs": ["vp_tangents_skinned","fp_normals"]}],"debug_binormals":[{"name": "p0","parameters": ["worldViewProjection","worldInverseTranspose"],"semantics": ["ATTR0","ATTR2","ATTR14","ATTR15"],"states":{"DepthTestEnable": true,"DepthFunc": 515,"DepthMask": true,"CullFaceEnable": true,"CullFace": 1029,"BlendEnable": false},"programs": ["vp_binormals","fp_normals"]}],"debug_binormals_skinned":[{"name": "p0","parameters": ["skinBones","worldViewProjection","worldInverseTranspose"],"semantics": ["ATTR0","ATTR2","ATTR14","ATTR15","ATTR7","ATTR1"],"states":{"DepthTestEnable": true,"DepthFunc": 515,"DepthMask": true,"CullFaceEnable": true,"CullFace": 1029,"BlendEnable": false},"programs": ["vp_binormals_skinned","fp_normals"]}],"debug_lines":[{"parameters": ["worldViewProjection"],"semantics": ["ATTR0","ATTR3"],"states":{"DepthTestEnable": true,"DepthFunc": 515,"DepthMask": true,"CullFaceEnable": true,"CullFace": 1029,"BlendEnable": false,"LineWidth": 2},"programs": ["vp_vertexcolor","fp_vertexcolor"]}],"debug_lines_constant":[{"parameters": ["worldViewProjection","constantColor"],"semantics": ["ATTR0"],"states":{"DepthTestEnable": true,"DepthFunc": 515,"DepthMask": true,"CullFaceEnable": true,"CullFace": 1029,"BlendEnable": false,"LineWidth": 2},"programs": ["vp_constantcolor","fp_constantcolor"]}],"debug_triangles":[{"parameters": ["worldViewProjection"],"semantics": ["ATTR0","ATTR3"],"states":{"DepthTestEnable": true,"DepthFunc": 515,"DepthMask": false,"CullFaceEnable": false,"CullFace": 1029,"BlendEnable": true,"BlendFunc": [770,771]},"programs": ["vp_vertexcolor","fp_vertexcolor"]}],"debug_triangles_constant":[{"parameters": ["worldViewProjection","constantColor"],"semantics": ["ATTR0"],"states":{"DepthTestEnable": true,"DepthFunc": 515,"DepthMask": false,"CullFaceEnable": false,"CullFace": 1029,"BlendEnable": true,"BlendFunc": [770,771]},"programs": ["vp_constantcolor","fp_constantcolor"]}],"wireframe":[{"parameters": ["worldViewProjection","windowScale","wireColor","fillColor","alphaRef"],"semantics": ["ATTR0","ATTR8","ATTR9"],"states":{"DepthTestEnable": true,"DepthFunc": 515,"DepthMask": true,"CullFaceEnable": false,"CullFace": 1029,"BlendEnable": false},"programs": ["vp_wireframe","fp_wireframe"]}],"physics_debug":[{"parameters": ["worldViewProjection","windowScale","wireColor","fillColor","alphaRef","alpha"],"semantics": ["ATTR0","ATTR8","ATTR9"],"states":{"DepthTestEnable": true,"DepthFunc": 515,"DepthMask": true,"CullFaceEnable": true,"CullFace": 1029,"BlendEnable": true,"BlendFunc": [770,771],"PolygonOffset": [-2,-2],"PolygonOffsetFillEnable": true},"programs": ["vp_wireframe","fp_physics_debug"]}],"wireframe_skinned":[{"parameters": ["skinBones","worldViewProjection","windowScale","wireColor","fillColor","alphaRef"],"semantics": ["ATTR0","ATTR8","ATTR9","ATTR7","ATTR1","ATTR10","ATTR11","ATTR12","ATTR13"],"states":{"DepthTestEnable": true,"DepthFunc": 515,"DepthMask": true,"CullFaceEnable": false,"CullFace": 1029,"BlendEnable": false},"programs": ["vp_wireframe_skinned","fp_wireframe"]}]},"programs":{"fp_wireframe":{"type": "fragment","code": "#ifdef GL_ES\n#define TZ_LOWP lowp\nprecision mediump float;\nprecision mediump int;\n#else\n#define TZ_LOWP\n#endif\nvarying vec4 tz_TexCoord[1];\nfloat _TMP0;float _x0015;uniform vec4 wireColor;uniform vec4 fillColor;uniform float alphaRef;void main()\n{vec3 _Distance;float _MinDistance;float _Intensity;vec4 _OUTColor;_Distance=tz_TexCoord[0].xyz*tz_TexCoord[0].w;_TMP0=min(_Distance.y,_Distance.z);_MinDistance=min(_Distance.x,_TMP0);_x0015=-2.0*_MinDistance*_MinDistance;_Intensity=exp2(_x0015);_OUTColor=_Intensity*wireColor+(1.0-_Intensity)*fillColor;if(_OUTColor.w<alphaRef){discard;}\ngl_FragColor=_OUTColor;}"},"vp_wireframe_skinned":{"type": "vertex","code": "#ifdef GL_ES\n#define TZ_LOWP lowp\nprecision mediump float;\nprecision mediump int;\n#else\n#define TZ_LOWP\n#endif\nvarying vec4 tz_TexCoord[1];attribute vec4 ATTR0;attribute vec4 ATTR8;attribute vec4 ATTR9;attribute vec4 ATTR10;attribute vec4 ATTR11;attribute vec4 ATTR12;attribute vec4 ATTR13;\nvec4 _OUTPosition1;vec4 _OUTDistance1;float _TMP0;vec4 _indices0013;ivec4 _Indices0013;vec4 _skinMatrix0013[3];vec4 _indices0023;ivec4 _Indices0023;vec4 _skinMatrix0023[3];vec4 _indices0033;ivec4 _Indices0033;vec4 _skinMatrix0033[3];float _a0043;vec2 _a0045;attribute vec4 ATTR7;attribute vec4 ATTR1;uniform vec4 skinBones[225];uniform vec4 worldViewProjection[4];uniform vec2 windowScale;void main()\n{vec4 _Position;vec3 _newPosition;vec2 _Position2D;vec4 _skinTempPosition;vec4 _Vertex1Trans;vec2 _Vector1;vec4 _Vertex2Trans;vec2 _Vector2;float _Area2D;float _Height;_Position=ATTR0;_Position.w=1.0;_indices0013=ATTR7*3.0;_Indices0013=ivec4(int(_indices0013.x),int(_indices0013.y),int(_indices0013.z),int(_indices0013.w));_skinMatrix0013[0]=ATTR1.x*skinBones[_Indices0013.x];_skinMatrix0013[1]=ATTR1.x*skinBones[(_Indices0013.x+1)];_skinMatrix0013[2]=ATTR1.x*skinBones[(_Indices0013.x+2)];_skinMatrix0013[0]=_skinMatrix0013[0]+ATTR1.y*skinBones[_Indices0013.y];_skinMatrix0013[1]=_skinMatrix0013[1]+ATTR1.y*skinBones[(_Indices0013.y+1)];_skinMatrix0013[2]=_skinMatrix0013[2]+ATTR1.y*skinBones[(_Indices0013.y+2)];_skinMatrix0013[0]=_skinMatrix0013[0]+ATTR1.z*skinBones[_Indices0013.z];_skinMatrix0013[1]=_skinMatrix0013[1]+ATTR1.z*skinBones[(_Indices0013.z+1)];_skinMatrix0013[2]=_skinMatrix0013[2]+ATTR1.z*skinBones[(_Indices0013.z+2)];_skinMatrix0013[0]=_skinMatrix0013[0]+ATTR1.w*skinBones[_Indices0013.w];_skinMatrix0013[1]=_skinMatrix0013[1]+ATTR1.w*skinBones[(_Indices0013.w+1)];_skinMatrix0013[2]=_skinMatrix0013[2]+ATTR1.w*skinBones[(_Indices0013.w+2)];_newPosition.x=dot(_Position,_skinMatrix0013[0]);_newPosition.y=dot(_Position,_skinMatrix0013[1]);_newPosition.z=dot(_Position,_skinMatrix0013[2]);_OUTPosition1=_newPosition.xxxx*worldViewProjection[0]+_newPosition.yyyy*worldViewProjection[1]+_newPosition.zzzz*worldViewProjection[2]+worldViewProjection[3];_Position2D=_OUTPosition1.xy/_OUTPosition1.w;_indices0023=ATTR10*3.0;_Indices0023=ivec4(int(_indices0023.x),int(_indices0023.y),int(_indices0023.z),int(_indices0023.w));_skinMatrix0023[0]=ATTR11.x*skinBones[_Indices0023.x];_skinMatrix0023[1]=ATTR11.x*skinBones[(_Indices0023.x+1)];_skinMatrix0023[2]=ATTR11.x*skinBones[(_Indices0023.x+2)];_skinMatrix0023[0]=_skinMatrix0023[0]+ATTR11.y*skinBones[_Indices0023.y];_skinMatrix0023[1]=_skinMatrix0023[1]+ATTR11.y*skinBones[(_Indices0023.y+1)];_skinMatrix0023[2]=_skinMatrix0023[2]+ATTR11.y*skinBones[(_Indices0023.y+2)];_skinMatrix0023[0]=_skinMatrix0023[0]+ATTR11.z*skinBones[_Indices0023.z];_skinMatrix0023[1]=_skinMatrix0023[1]+ATTR11.z*skinBones[(_Indices0023.z+1)];_skinMatrix0023[2]=_skinMatrix0023[2]+ATTR11.z*skinBones[(_Indices0023.z+2)];_skinMatrix0023[0]=_skinMatrix0023[0]+ATTR11.w*skinBones[_Indices0023.w];_skinMatrix0023[1]=_skinMatrix0023[1]+ATTR11.w*skinBones[(_Indices0023.w+1)];_skinMatrix0023[2]=_skinMatrix0023[2]+ATTR11.w*skinBones[(_Indices0023.w+2)];_skinTempPosition=vec4(ATTR8.x,ATTR8.y,ATTR8.z,1.0);_newPosition.x=dot(_skinTempPosition,_skinMatrix0023[0]);_newPosition.y=dot(_skinTempPosition,_skinMatrix0023[1]);_newPosition.z=dot(_skinTempPosition,_skinMatrix0023[2]);_Vertex1Trans=_newPosition.xxxx*worldViewProjection[0]+_newPosition.yyyy*worldViewProjection[1]+_newPosition.zzzz*worldViewProjection[2]+worldViewProjection[3];_Vector1=windowScale*(_Vertex1Trans.xy/_Vertex1Trans.w-_Position2D);_indices0033=ATTR12*3.0;_Indices0033=ivec4(int(_indices0033.x),int(_indices0033.y),int(_indices0033.z),int(_indices0033.w));_skinMatrix0033[0]=ATTR13.x*skinBones[_Indices0033.x];_skinMatrix0033[1]=ATTR13.x*skinBones[(_Indices0033.x+1)];_skinMatrix0033[2]=ATTR13.x*skinBones[(_Indices0033.x+2)];_skinMatrix0033[0]=_skinMatrix0033[0]+ATTR13.y*skinBones[_Indices0033.y];_skinMatrix0033[1]=_skinMatrix0033[1]+ATTR13.y*skinBones[(_Indices0033.y+1)];_skinMatrix0033[2]=_skinMatrix0033[2]+ATTR13.y*skinBones[(_Indices0033.y+2)];_skinMatrix0033[0]=_skinMatrix0033[0]+ATTR13.z*skinBones[_Indices0033.z];_skinMatrix0033[1]=_skinMatrix0033[1]+ATTR13.z*skinBones[(_Indices0033.z+1)];_skinMatrix0033[2]=_skinMatrix0033[2]+ATTR13.z*skinBones[(_Indices0033.z+2)];_skinMatrix0033[0]=_skinMatrix0033[0]+ATTR13.w*skinBones[_Indices0033.w];_skinMatrix0033[1]=_skinMatrix0033[1]+ATTR13.w*skinBones[(_Indices0033.w+1)];_skinMatrix0033[2]=_skinMatrix0033[2]+ATTR13.w*skinBones[(_Indices0033.w+2)];_skinTempPosition=vec4(ATTR9.x,ATTR9.y,ATTR9.z,1.0);_newPosition.x=dot(_skinTempPosition,_skinMatrix0033[0]);_newPosition.y=dot(_skinTempPosition,_skinMatrix0033[1]);_newPosition.z=dot(_skinTempPosition,_skinMatrix0033[2]);_Vertex2Trans=_newPosition.xxxx*worldViewProjection[0]+_newPosition.yyyy*worldViewProjection[1]+_newPosition.zzzz*worldViewProjection[2]+worldViewProjection[3];_Vector2=windowScale*(_Vertex2Trans.xy/_Vertex2Trans.w-_Position2D);_a0043=_Vector1.x*_Vector2.y-_Vector1.y*_Vector2.x;_Area2D=abs(_a0043);_a0045=_Vector1-_Vector2;_TMP0=length(_a0045);_Height=_Area2D/_TMP0;if(ATTR0.w<1.0){_OUTDistance1.xyz=vec3(_Height,0.0,0.0);}else{if(ATTR0.w<2.0){_OUTDistance1.xyz=vec3(0.0,_Height,0.0);}else{_OUTDistance1.xyz=vec3(0.0,0.0,_Height);}}\n_OUTDistance1.xyz=_OUTDistance1.xyz*_OUTPosition1.w;_OUTDistance1.w=1.0/_OUTPosition1.w;tz_TexCoord[0]=_OUTDistance1;gl_Position=_OUTPosition1;}"},"fp_physics_debug":{"type": "fragment","code": "#ifdef GL_ES\n#define TZ_LOWP lowp\nprecision mediump float;\nprecision mediump int;\n#else\n#define TZ_LOWP\n#endif\nvarying vec4 tz_TexCoord[1];\nfloat _TMP0;float _x0015;uniform vec4 wireColor;uniform vec4 fillColor;uniform float alphaRef;uniform float alpha;void main()\n{vec3 _Distance;float _MinDistance;float _Intensity;vec4 _OUTColor;_Distance=tz_TexCoord[0].xyz*tz_TexCoord[0].w;_TMP0=min(_Distance.y,_Distance.z);_MinDistance=min(_Distance.x,_TMP0);_x0015=-2.0*_MinDistance*_MinDistance;_Intensity=exp2(_x0015);_OUTColor=_Intensity*wireColor+(1.0-_Intensity)*fillColor;if(alpha<1.0){_OUTColor.w=alpha;}\nif(_OUTColor.w<alphaRef){discard;}\ngl_FragColor=_OUTColor;}"},"vp_wireframe":{"type": "vertex","code": "#ifdef GL_ES\n#define TZ_LOWP lowp\nprecision mediump float;\nprecision mediump int;\n#else\n#define TZ_LOWP\n#endif\nvarying vec4 tz_TexCoord[1];attribute vec4 ATTR0;attribute vec4 ATTR8;attribute vec4 ATTR9;\nvec4 _OUTPosition1;vec4 _OUTDistance1;float _TMP0;float _a0017;vec2 _a0019;uniform vec4 worldViewProjection[4];uniform vec2 windowScale;void main()\n{vec2 _Position2D;vec4 _Vertex1Trans;vec2 _Vector1;vec4 _Vertex2Trans;vec2 _Vector2;float _Area2D;float _Height;_OUTPosition1=ATTR0.xxxx*worldViewProjection[0]+ATTR0.yyyy*worldViewProjection[1]+ATTR0.zzzz*worldViewProjection[2]+worldViewProjection[3];_Position2D=_OUTPosition1.xy/_OUTPosition1.w;_Vertex1Trans=ATTR8.xxxx*worldViewProjection[0]+ATTR8.yyyy*worldViewProjection[1]+ATTR8.zzzz*worldViewProjection[2]+worldViewProjection[3];_Vector1=windowScale*(_Vertex1Trans.xy/_Vertex1Trans.w-_Position2D);_Vertex2Trans=ATTR9.xxxx*worldViewProjection[0]+ATTR9.yyyy*worldViewProjection[1]+ATTR9.zzzz*worldViewProjection[2]+worldViewProjection[3];_Vector2=windowScale*(_Vertex2Trans.xy/_Vertex2Trans.w-_Position2D);_a0017=_Vector1.x*_Vector2.y-_Vector1.y*_Vector2.x;_Area2D=abs(_a0017);_a0019=_Vector1-_Vector2;_TMP0=length(_a0019);_Height=_Area2D/_TMP0;if(ATTR0.w<1.0){_OUTDistance1.xyz=vec3(_Height,0.0,0.0);}else{if(ATTR0.w<2.0){_OUTDistance1.xyz=vec3(0.0,_Height,0.0);}else{_OUTDistance1.xyz=vec3(0.0,0.0,_Height);}}\n_OUTDistance1.xyz=_OUTDistance1.xyz*_OUTPosition1.w;_OUTDistance1.w=1.0/_OUTPosition1.w;tz_TexCoord[0]=_OUTDistance1;gl_Position=_OUTPosition1;}"},"fp_constantcolor":{"type": "fragment","code": "#ifdef GL_ES\n#define TZ_LOWP lowp\nprecision mediump float;\nprecision mediump int;\n#else\n#define TZ_LOWP\n#endif\nuniform vec4 constantColor;void main()\n{gl_FragColor=constantColor;}"},"vp_constantcolor":{"type": "vertex","code": "#ifdef GL_ES\n#define TZ_LOWP lowp\nprecision mediump float;\nprecision mediump int;\n#else\n#define TZ_LOWP\n#endif\nattribute vec4 ATTR0;\nvec4 _ret_0;uniform vec4 worldViewProjection[4];void main()\n{_ret_0=ATTR0.xxxx*worldViewProjection[0]+ATTR0.yyyy*worldViewProjection[1]+ATTR0.zzzz*worldViewProjection[2]+worldViewProjection[3];gl_Position=_ret_0;}"},"fp_vertexcolor":{"type": "fragment","code": "#ifdef GL_ES\n#define TZ_LOWP lowp\nprecision mediump float;\nprecision mediump int;\n#else\n#define TZ_LOWP\n#endif\nvarying TZ_LOWP vec4 tz_Color;\nvoid main()\n{gl_FragColor=tz_Color;}"},"vp_vertexcolor":{"type": "vertex","code": "#ifdef GL_ES\n#define TZ_LOWP lowp\nprecision mediump float;\nprecision mediump int;\n#else\n#define TZ_LOWP\n#endif\nvarying TZ_LOWP vec4 tz_Color;attribute vec4 ATTR0;attribute vec4 ATTR3;\nvec4 _OUTColor1;vec4 _OUTPosition1;uniform vec4 worldViewProjection[4];void main()\n{_OUTPosition1=ATTR0.xxxx*worldViewProjection[0]+ATTR0.yyyy*worldViewProjection[1]+ATTR0.zzzz*worldViewProjection[2]+worldViewProjection[3];_OUTColor1=ATTR3;gl_Position=_OUTPosition1;tz_Color=ATTR3;}"},"fp_normals":{"type": "fragment","code": "#ifdef GL_ES\n#define TZ_LOWP lowp\nprecision mediump float;\nprecision mediump int;\n#else\n#define TZ_LOWP\n#endif\nvarying vec4 tz_TexCoord[1];\nvec4 _ret_0;float _TMP1;float _TMP0;void main()\n{vec3 _Nn;vec3 _TMP11;_TMP0=dot(tz_TexCoord[0].xyz,tz_TexCoord[0].xyz);_TMP1=inversesqrt(_TMP0);_Nn=_TMP1*tz_TexCoord[0].xyz;_TMP11=_Nn*0.5+0.5;_ret_0=vec4(_TMP11.x,_TMP11.y,_TMP11.z,1.0);gl_FragColor=_ret_0;}"},"vp_binormals_skinned":{"type": "vertex","code": "#ifdef GL_ES\n#define TZ_LOWP lowp\nprecision mediump float;\nprecision mediump int;\n#else\n#define TZ_LOWP\n#endif\nvarying vec4 tz_TexCoord[1];attribute vec4 ATTR0;attribute vec4 ATTR15;\nvec4 _OUTPosition1;vec3 _OUTNormal1;float _TMP1;float _TMP0;vec4 _indices0013;ivec4 _Indices0013;vec4 _skinMatrix0013[3];attribute vec4 ATTR7;attribute vec4 ATTR1;vec3 _TMP36;vec3 _TMP37;vec3 _TMP38;uniform vec4 skinBones[225];uniform vec4 worldViewProjection[4];uniform vec3 worldInverseTranspose[3];void main()\n{vec4 _skinTempPosition;vec3 _Position;vec3 _Binormal;vec3 _Bn;_indices0013=ATTR7*3.0;_Indices0013=ivec4(int(_indices0013.x),int(_indices0013.y),int(_indices0013.z),int(_indices0013.w));_skinMatrix0013[0]=ATTR1.x*skinBones[_Indices0013.x];_skinMatrix0013[1]=ATTR1.x*skinBones[(_Indices0013.x+1)];_skinMatrix0013[2]=ATTR1.x*skinBones[(_Indices0013.x+2)];_skinMatrix0013[0]=_skinMatrix0013[0]+ATTR1.y*skinBones[_Indices0013.y];_skinMatrix0013[1]=_skinMatrix0013[1]+ATTR1.y*skinBones[(_Indices0013.y+1)];_skinMatrix0013[2]=_skinMatrix0013[2]+ATTR1.y*skinBones[(_Indices0013.y+2)];_skinMatrix0013[0]=_skinMatrix0013[0]+ATTR1.z*skinBones[_Indices0013.z];_skinMatrix0013[1]=_skinMatrix0013[1]+ATTR1.z*skinBones[(_Indices0013.z+1)];_skinMatrix0013[2]=_skinMatrix0013[2]+ATTR1.z*skinBones[(_Indices0013.z+2)];_skinMatrix0013[0]=_skinMatrix0013[0]+ATTR1.w*skinBones[_Indices0013.w];_skinMatrix0013[1]=_skinMatrix0013[1]+ATTR1.w*skinBones[(_Indices0013.w+1)];_skinMatrix0013[2]=_skinMatrix0013[2]+ATTR1.w*skinBones[(_Indices0013.w+2)];_skinTempPosition=vec4(ATTR0.x,ATTR0.y,ATTR0.z,1.0);_Position.x=dot(_skinTempPosition,_skinMatrix0013[0]);_Position.y=dot(_skinTempPosition,_skinMatrix0013[1]);_Position.z=dot(_skinTempPosition,_skinMatrix0013[2]);_TMP36.x=_skinMatrix0013[0].x;_TMP36.y=_skinMatrix0013[0].y;_TMP36.z=_skinMatrix0013[0].z;_Binormal.x=dot(ATTR15.xyz,_TMP36);_TMP37.x=_skinMatrix0013[1].x;_TMP37.y=_skinMatrix0013[1].y;_TMP37.z=_skinMatrix0013[1].z;_Binormal.y=dot(ATTR15.xyz,_TMP37);_TMP38.x=_skinMatrix0013[2].x;_TMP38.y=_skinMatrix0013[2].y;_TMP38.z=_skinMatrix0013[2].z;_Binormal.z=dot(ATTR15.xyz,_TMP38);_TMP0=dot(_Binormal.xyz,_Binormal.xyz);_TMP1=inversesqrt(_TMP0);_Binormal.xyz=_TMP1*_Binormal.xyz;_OUTPosition1=_Position.xxxx*worldViewProjection[0]+_Position.yyyy*worldViewProjection[1]+_Position.zzzz*worldViewProjection[2]+worldViewProjection[3];_Bn=_Binormal.xxx*worldInverseTranspose[0]+_Binormal.yyy*worldInverseTranspose[1]+_Binormal.zzz*worldInverseTranspose[2];_OUTNormal1=_Bn;tz_TexCoord[0].xyz=_Bn;gl_Position=_OUTPosition1;}"},"vp_binormals":{"type": "vertex","code": "#ifdef GL_ES\n#define TZ_LOWP lowp\nprecision mediump float;\nprecision mediump int;\n#else\n#define TZ_LOWP\n#endif\nvarying vec4 tz_TexCoord[1];attribute vec4 ATTR0;attribute vec4 ATTR15;\nvec4 _OUTPosition1;vec3 _OUTNormal1;uniform vec4 worldViewProjection[4];uniform vec3 worldInverseTranspose[3];void main()\n{vec3 _Bn;_OUTPosition1=ATTR0.xxxx*worldViewProjection[0]+ATTR0.yyyy*worldViewProjection[1]+ATTR0.zzzz*worldViewProjection[2]+worldViewProjection[3];_Bn=ATTR15.xxx*worldInverseTranspose[0]+ATTR15.yyy*worldInverseTranspose[1]+ATTR15.zzz*worldInverseTranspose[2];_OUTNormal1=_Bn;tz_TexCoord[0].xyz=_Bn;gl_Position=_OUTPosition1;}"},"vp_tangents_skinned":{"type": "vertex","code": "#ifdef GL_ES\n#define TZ_LOWP lowp\nprecision mediump float;\nprecision mediump int;\n#else\n#define TZ_LOWP\n#endif\nvarying vec4 tz_TexCoord[1];attribute vec4 ATTR0;attribute vec4 ATTR14;\nvec4 _OUTPosition1;vec3 _OUTNormal1;float _TMP1;float _TMP0;vec4 _indices0013;ivec4 _Indices0013;vec4 _skinMatrix0013[3];attribute vec4 ATTR7;attribute vec4 ATTR1;vec3 _TMP36;vec3 _TMP37;vec3 _TMP38;uniform vec4 skinBones[225];uniform vec4 worldViewProjection[4];uniform vec3 worldInverseTranspose[3];void main()\n{vec4 _skinTempPosition;vec3 _Position;vec3 _Tangent;vec3 _Tn;_indices0013=ATTR7*3.0;_Indices0013=ivec4(int(_indices0013.x),int(_indices0013.y),int(_indices0013.z),int(_indices0013.w));_skinMatrix0013[0]=ATTR1.x*skinBones[_Indices0013.x];_skinMatrix0013[1]=ATTR1.x*skinBones[(_Indices0013.x+1)];_skinMatrix0013[2]=ATTR1.x*skinBones[(_Indices0013.x+2)];_skinMatrix0013[0]=_skinMatrix0013[0]+ATTR1.y*skinBones[_Indices0013.y];_skinMatrix0013[1]=_skinMatrix0013[1]+ATTR1.y*skinBones[(_Indices0013.y+1)];_skinMatrix0013[2]=_skinMatrix0013[2]+ATTR1.y*skinBones[(_Indices0013.y+2)];_skinMatrix0013[0]=_skinMatrix0013[0]+ATTR1.z*skinBones[_Indices0013.z];_skinMatrix0013[1]=_skinMatrix0013[1]+ATTR1.z*skinBones[(_Indices0013.z+1)];_skinMatrix0013[2]=_skinMatrix0013[2]+ATTR1.z*skinBones[(_Indices0013.z+2)];_skinMatrix0013[0]=_skinMatrix0013[0]+ATTR1.w*skinBones[_Indices0013.w];_skinMatrix0013[1]=_skinMatrix0013[1]+ATTR1.w*skinBones[(_Indices0013.w+1)];_skinMatrix0013[2]=_skinMatrix0013[2]+ATTR1.w*skinBones[(_Indices0013.w+2)];_skinTempPosition=vec4(ATTR0.x,ATTR0.y,ATTR0.z,1.0);_Position.x=dot(_skinTempPosition,_skinMatrix0013[0]);_Position.y=dot(_skinTempPosition,_skinMatrix0013[1]);_Position.z=dot(_skinTempPosition,_skinMatrix0013[2]);_TMP36.x=_skinMatrix0013[0].x;_TMP36.y=_skinMatrix0013[0].y;_TMP36.z=_skinMatrix0013[0].z;_Tangent.x=dot(ATTR14.xyz,_TMP36);_TMP37.x=_skinMatrix0013[1].x;_TMP37.y=_skinMatrix0013[1].y;_TMP37.z=_skinMatrix0013[1].z;_Tangent.y=dot(ATTR14.xyz,_TMP37);_TMP38.x=_skinMatrix0013[2].x;_TMP38.y=_skinMatrix0013[2].y;_TMP38.z=_skinMatrix0013[2].z;_Tangent.z=dot(ATTR14.xyz,_TMP38);_TMP0=dot(_Tangent.xyz,_Tangent.xyz);_TMP1=inversesqrt(_TMP0);_Tangent.xyz=_TMP1*_Tangent.xyz;_OUTPosition1=_Position.xxxx*worldViewProjection[0]+_Position.yyyy*worldViewProjection[1]+_Position.zzzz*worldViewProjection[2]+worldViewProjection[3];_Tn=_Tangent.xxx*worldInverseTranspose[0]+_Tangent.yyy*worldInverseTranspose[1]+_Tangent.zzz*worldInverseTranspose[2];_OUTNormal1=_Tn;tz_TexCoord[0].xyz=_Tn;gl_Position=_OUTPosition1;}"},"vp_tangents":{"type": "vertex","code": "#ifdef GL_ES\n#define TZ_LOWP lowp\nprecision mediump float;\nprecision mediump int;\n#else\n#define TZ_LOWP\n#endif\nvarying vec4 tz_TexCoord[1];attribute vec4 ATTR0;attribute vec4 ATTR14;\nvec4 _OUTPosition1;vec3 _OUTNormal1;uniform vec4 worldViewProjection[4];uniform vec3 worldInverseTranspose[3];void main()\n{vec3 _Tn;_OUTPosition1=ATTR0.xxxx*worldViewProjection[0]+ATTR0.yyyy*worldViewProjection[1]+ATTR0.zzzz*worldViewProjection[2]+worldViewProjection[3];_Tn=ATTR14.xxx*worldInverseTranspose[0]+ATTR14.yyy*worldInverseTranspose[1]+ATTR14.zzz*worldInverseTranspose[2];_OUTNormal1=_Tn;tz_TexCoord[0].xyz=_Tn;gl_Position=_OUTPosition1;}"},"vp_normals_skinned":{"type": "vertex","code": "#ifdef GL_ES\n#define TZ_LOWP lowp\nprecision mediump float;\nprecision mediump int;\n#else\n#define TZ_LOWP\n#endif\nvarying vec4 tz_TexCoord[1];attribute vec4 ATTR0;attribute vec3 ATTR2;\nvec4 _OUTPosition1;vec3 _OUTNormal1;float _TMP1;float _TMP0;vec4 _indices0013;ivec4 _Indices0013;vec4 _skinMatrix0013[3];attribute vec4 ATTR7;attribute vec4 ATTR1;vec3 _TMP36;vec3 _TMP37;vec3 _TMP38;uniform vec4 skinBones[225];uniform vec4 worldViewProjection[4];uniform vec3 worldInverseTranspose[3];void main()\n{vec4 _skinTempPosition;vec3 _Position;vec3 _Normal;vec3 _Nn;_indices0013=ATTR7*3.0;_Indices0013=ivec4(int(_indices0013.x),int(_indices0013.y),int(_indices0013.z),int(_indices0013.w));_skinMatrix0013[0]=ATTR1.x*skinBones[_Indices0013.x];_skinMatrix0013[1]=ATTR1.x*skinBones[(_Indices0013.x+1)];_skinMatrix0013[2]=ATTR1.x*skinBones[(_Indices0013.x+2)];_skinMatrix0013[0]=_skinMatrix0013[0]+ATTR1.y*skinBones[_Indices0013.y];_skinMatrix0013[1]=_skinMatrix0013[1]+ATTR1.y*skinBones[(_Indices0013.y+1)];_skinMatrix0013[2]=_skinMatrix0013[2]+ATTR1.y*skinBones[(_Indices0013.y+2)];_skinMatrix0013[0]=_skinMatrix0013[0]+ATTR1.z*skinBones[_Indices0013.z];_skinMatrix0013[1]=_skinMatrix0013[1]+ATTR1.z*skinBones[(_Indices0013.z+1)];_skinMatrix0013[2]=_skinMatrix0013[2]+ATTR1.z*skinBones[(_Indices0013.z+2)];_skinMatrix0013[0]=_skinMatrix0013[0]+ATTR1.w*skinBones[_Indices0013.w];_skinMatrix0013[1]=_skinMatrix0013[1]+ATTR1.w*skinBones[(_Indices0013.w+1)];_skinMatrix0013[2]=_skinMatrix0013[2]+ATTR1.w*skinBones[(_Indices0013.w+2)];_skinTempPosition=vec4(ATTR0.x,ATTR0.y,ATTR0.z,1.0);_Position.x=dot(_skinTempPosition,_skinMatrix0013[0]);_Position.y=dot(_skinTempPosition,_skinMatrix0013[1]);_Position.z=dot(_skinTempPosition,_skinMatrix0013[2]);_TMP36.x=_skinMatrix0013[0].x;_TMP36.y=_skinMatrix0013[0].y;_TMP36.z=_skinMatrix0013[0].z;_Normal.x=dot(ATTR2.xyz,_TMP36);_TMP37.x=_skinMatrix0013[1].x;_TMP37.y=_skinMatrix0013[1].y;_TMP37.z=_skinMatrix0013[1].z;_Normal.y=dot(ATTR2.xyz,_TMP37);_TMP38.x=_skinMatrix0013[2].x;_TMP38.y=_skinMatrix0013[2].y;_TMP38.z=_skinMatrix0013[2].z;_Normal.z=dot(ATTR2.xyz,_TMP38);_TMP0=dot(_Normal.xyz,_Normal.xyz);_TMP1=inversesqrt(_TMP0);_Normal.xyz=_TMP1*_Normal.xyz;_OUTPosition1=_Position.xxxx*worldViewProjection[0]+_Position.yyyy*worldViewProjection[1]+_Position.zzzz*worldViewProjection[2]+worldViewProjection[3];_Nn=_Normal.xxx*worldInverseTranspose[0]+_Normal.yyy*worldInverseTranspose[1]+_Normal.zzz*worldInverseTranspose[2];_OUTNormal1=_Nn;tz_TexCoord[0].xyz=_Nn;gl_Position=_OUTPosition1;}"},"vp_normals":{"type": "vertex","code": "#ifdef GL_ES\n#define TZ_LOWP lowp\nprecision mediump float;\nprecision mediump int;\n#else\n#define TZ_LOWP\n#endif\nvarying vec4 tz_TexCoord[1];attribute vec4 ATTR0;attribute vec3 ATTR2;\nvec4 _OUTPosition1;vec3 _OUTNormal1;uniform vec4 worldViewProjection[4];uniform vec3 worldInverseTranspose[3];void main()\n{vec3 _Nn;_OUTPosition1=ATTR0.xxxx*worldViewProjection[0]+ATTR0.yyyy*worldViewProjection[1]+ATTR0.zzzz*worldViewProjection[2]+worldViewProjection[3];_Nn=ATTR2.xxx*worldInverseTranspose[0]+ATTR2.yyy*worldInverseTranspose[1]+ATTR2.zzz*worldInverseTranspose[2];_OUTNormal1=_Nn;tz_TexCoord[0].xyz=_Nn;gl_Position=_OUTPosition1;}"}}}