{"version": 1,"name": "defaultrendering.cgfx","samplers":{"diffuse":{"MinFilter": 9985,"MagFilter": 9729,"WrapS": 10497,"WrapT": 10497,"MaxAnisotropy": 16},"normal_map":{"MinFilter": 9985,"MagFilter": 9729,"WrapS": 10497,"WrapT": 10497,"MaxAnisotropy": 16},"specular_map":{"MinFilter": 9985,"MagFilter": 9729,"WrapS": 10497,"WrapT": 10497,"MaxAnisotropy": 16},"glow_map":{"MinFilter": 9985,"MagFilter": 9729,"WrapS": 10497,"WrapT": 10497},"alpha_map":{"MinFilter": 9985,"MagFilter": 9729,"WrapS": 10497,"WrapT": 10497,"MaxAnisotropy": 16},"env_map":{"MinFilter": 9985,"MagFilter": 9729,"WrapS": 33071,"WrapT": 33071,"WrapR": 33071},"light_map":{"MinFilter": 9985,"MagFilter": 9729,"WrapS": 33071,"WrapT": 33071}},"parameters":{"skinBones":{"type": "float","rows": 225,"columns": 4},"uvTransform":{"type": "float","rows": 3,"columns": 2,"values": [1,0,0,1,0,0]},"worldViewProjection":{"type": "float","rows": 4,"columns": 4},"worldInverseTranspose":{"type": "float","rows": 3,"columns": 3},"eyePosition":{"type": "float","columns": 3},"lightPosition":{"type": "float","columns": 3},"lightColor":{"type": "float","columns": 3},"ambientColor":{"type": "float","columns": 3},"materialColor":{"type": "float","columns": 4,"values": [1,1,1,1]},"alphaRef":{"type": "float","values": [0.5]},"lightingScale":{"type": "float","values": [2]},"diffuse":{"type": "sampler2D"},"normal_map":{"type": "sampler2D"},"specular_map":{"type": "sampler2D"},"glow_map":{"type": "sampler2D"},"alpha_map":{"type": "sampler2D"},"env_map":{"type": "samplerCUBE"},"light_map":{"type": "sampler2D"}},"techniques":{"flat":[{"name": "p0","parameters": ["worldViewProjection","lightPosition","lightColor","ambientColor","materialColor"],"semantics": ["ATTR0","ATTR2"],"states":{"DepthTestEnable": true,"DepthFunc": 515,"DepthMask": true,"CullFaceEnable": true,"CullFace": 1029,"BlendEnable": false},"programs": ["vp_flat","fp_flat"]}],"flat_skinned":[{"name": "p0","parameters": ["skinBones","worldViewProjection","lightPosition","lightColor","ambientColor","materialColor"],"semantics": ["ATTR0","ATTR2","ATTR7","ATTR1"],"states":{"DepthTestEnable": true,"DepthFunc": 515,"DepthMask": true,"CullFaceEnable": true,"CullFace": 1029,"BlendEnable": false},"programs": ["vp_flat_skinned","fp_flat"]}],"flat_nocull":[{"name": "p0","parameters": ["worldViewProjection","lightPosition","lightColor","ambientColor","materialColor"],"semantics": ["ATTR0","ATTR2"],"states":{"DepthTestEnable": true,"DepthFunc": 515,"DepthMask": true,"CullFaceEnable": false,"BlendEnable": false},"programs": ["vp_flat","fp_flat"]}],"flat_skinned_nocull":[{"name": "p0","parameters": ["skinBones","worldViewProjection","lightPosition","lightColor","ambientColor","materialColor"],"semantics": ["ATTR0","ATTR2","ATTR7","ATTR1"],"states":{"DepthTestEnable": true,"DepthFunc": 515,"DepthMask": true,"CullFaceEnable": false,"BlendEnable": false},"programs": ["vp_flat_skinned","fp_flat"]}],"lambert":[{"name": "p0","parameters": ["uvTransform","worldViewProjection","lightPosition","lightColor","ambientColor","materialColor","diffuse"],"semantics": ["ATTR0","ATTR2","ATTR8"],"states":{"DepthTestEnable": true,"DepthFunc": 515,"DepthMask": true,"CullFaceEnable": true,"CullFace": 1029,"BlendEnable": false},"programs": ["vp_lambert","fp_lambert"]}],"lambert_skinned":[{"name": "p0","parameters": ["skinBones","uvTransform","worldViewProjection","lightPosition","lightColor","ambientColor","materialColor","diffuse"],"semantics": ["ATTR0","ATTR2","ATTR8","ATTR7","ATTR1"],"states":{"DepthTestEnable": true,"DepthFunc": 515,"DepthMask": true,"CullFaceEnable": true,"CullFace": 1029,"BlendEnable": false},"programs": ["vp_lambert_skinned","fp_lambert"]}],"blinn":[{"parameters": ["uvTransform","worldViewProjection","eyePosition","lightPosition","lightColor","ambientColor","materialColor","diffuse"],"semantics": ["ATTR0","ATTR2","ATTR8"],"states":{"DepthTestEnable": true,"DepthFunc": 515,"DepthMask": true,"CullFaceEnable": true,"CullFace": 1029,"BlendEnable": false},"programs": ["vp_blinn","fp_blinn"]}],"blinn_nocull":[{"parameters": ["uvTransform","worldViewProjection","eyePosition","lightPosition","lightColor","ambientColor","materialColor","diffuse"],"semantics": ["ATTR0","ATTR2","ATTR8"],"states":{"DepthTestEnable": true,"DepthFunc": 515,"DepthMask": true,"CullFaceEnable": false,"BlendEnable": false},"programs": ["vp_blinn","fp_blinn"]}],"blinn_skinned":[{"parameters": ["skinBones","uvTransform","worldViewProjection","eyePosition","lightPosition","lightColor","ambientColor","materialColor","diffuse"],"semantics": ["ATTR0","ATTR2","ATTR8","ATTR7","ATTR1"],"states":{"DepthTestEnable": true,"DepthFunc": 515,"DepthMask": true,"CullFaceEnable": true,"CullFace": 1029,"BlendEnable": false},"programs": ["vp_blinn_skinned","fp_blinn"]}],"blinn_skinned_nocull":[{"parameters": ["skinBones","uvTransform","worldViewProjection","eyePosition","lightPosition","lightColor","ambientColor","materialColor","diffuse"],"semantics": ["ATTR0","ATTR2","ATTR8","ATTR7","ATTR1"],"states":{"DepthTestEnable": true,"DepthFunc": 515,"DepthMask": true,"CullFaceEnable": false,"BlendEnable": false},"programs": ["vp_blinn_skinned","fp_blinn"]}],"phong":[{"name": "p0","parameters": ["uvTransform","worldViewProjection","eyePosition","lightPosition","lightColor","ambientColor","diffuse"],"semantics": ["ATTR0","ATTR2","ATTR8"],"states":{"DepthTestEnable": true,"DepthFunc": 515,"DepthMask": true,"CullFaceEnable": true,"CullFace": 1029,"BlendEnable": false},"programs": ["vp_blinn","fp_phong"]}],"phong_skinned":[{"name": "p0","parameters": ["skinBones","uvTransform","worldViewProjection","eyePosition","lightPosition","lightColor","ambientColor","diffuse"],"semantics": ["ATTR0","ATTR2","ATTR8","ATTR7","ATTR1"],"states":{"DepthTestEnable": true,"DepthFunc": 515,"DepthMask": true,"CullFaceEnable": true,"CullFace": 1029,"BlendEnable": false},"programs": ["vp_blinn_skinned","fp_phong"]}],"add":[{"parameters": ["uvTransform","worldViewProjection","materialColor","diffuse"],"semantics": ["ATTR0","ATTR8"],"states":{"DepthTestEnable": true,"DepthFunc": 515,"DepthMask": false,"CullFaceEnable": true,"CullFace": 1029,"BlendEnable": true,"BlendFunc": [1,1],"PolygonOffset": [-1,-1],"PolygonOffsetFillEnable": true},"programs": ["vp_nolight","fp_premodulatealpha"]}],"add_skinned":[{"parameters": ["skinBones","uvTransform","worldViewProjection","materialColor","diffuse"],"semantics": ["ATTR0","ATTR8","ATTR7","ATTR1"],"states":{"DepthTestEnable": true,"DepthFunc": 515,"DepthMask": false,"CullFaceEnable": true,"CullFace": 1029,"BlendEnable": true,"BlendFunc": [1,1],"PolygonOffset": [-1,-1],"PolygonOffsetFillEnable": true},"programs": ["vp_nolight_skinned","fp_premodulatealpha"]}],"add_particle":[{"parameters": ["uvTransform","worldViewProjection","materialColor","diffuse"],"semantics": ["ATTR0","ATTR8","ATTR3"],"states":{"DepthTestEnable": true,"DepthFunc": 515,"DepthMask": false,"CullFaceEnable": false,"BlendEnable": true,"BlendFunc": [1,1],"PolygonOffset": [-1,-1],"PolygonOffsetFillEnable": true},"programs": ["vp_nolight_vertexcolor","fp_premodulatealpha_vertexcolor"]}],"blend":[{"parameters": ["uvTransform","worldViewProjection","materialColor","diffuse"],"semantics": ["ATTR0","ATTR8"],"states":{"DepthTestEnable": true,"DepthFunc": 515,"DepthMask": false,"CullFaceEnable": true,"CullFace": 1029,"BlendEnable": true,"BlendFunc": [770,771],"PolygonOffset": [-1,-1],"PolygonOffsetFillEnable": true},"programs": ["vp_nolight","fp_normal"]}],"blend_skinned":[{"parameters": ["skinBones","uvTransform","worldViewProjection","materialColor","diffuse"],"semantics": ["ATTR0","ATTR8","ATTR7","ATTR1"],"states":{"DepthTestEnable": true,"DepthFunc": 515,"DepthMask": false,"CullFaceEnable": true,"CullFace": 1029,"BlendEnable": true,"BlendFunc": [770,771],"PolygonOffset": [-1,-1],"PolygonOffsetFillEnable": true},"programs": ["vp_nolight_skinned","fp_normal"]}],"blend_particle":[{"parameters": ["uvTransform","worldViewProjection","materialColor","diffuse"],"semantics": ["ATTR0","ATTR8","ATTR3"],"states":{"DepthTestEnable": true,"DepthFunc": 515,"DepthMask": false,"CullFaceEnable": false,"BlendEnable": true,"BlendFunc": [770,771],"PolygonOffset": [-1,-1],"PolygonOffsetFillEnable": true},"programs": ["vp_nolight_vertexcolor","fp_normal_vertexcolor"]}],"translucent":[{"parameters": ["uvTransform","worldViewProjection","materialColor","diffuse"],"semantics": ["ATTR0","ATTR8"],"states":{"DepthTestEnable": true,"DepthFunc": 515,"DepthMask": false,"CullFaceEnable": true,"CullFace": 1029,"BlendEnable": true,"BlendFunc": [1,1],"PolygonOffset": [-1,-1],"PolygonOffsetFillEnable": true},"programs": ["vp_nolight","fp_translucent"]}],"translucent_skinned":[{"parameters": ["skinBones","uvTransform","worldViewProjection","materialColor","diffuse"],"semantics": ["ATTR0","ATTR8","ATTR7","ATTR1"],"states":{"DepthTestEnable": true,"DepthFunc": 515,"DepthMask": false,"CullFaceEnable": true,"CullFace": 1029,"BlendEnable": true,"BlendFunc": [1,1],"PolygonOffset": [-1,-1],"PolygonOffsetFillEnable": true},"programs": ["vp_nolight_skinned","fp_translucent"]}],"translucent_particle":[{"parameters": ["uvTransform","worldViewProjection","materialColor","diffuse"],"semantics": ["ATTR0","ATTR8","ATTR3"],"states":{"DepthTestEnable": true,"DepthFunc": 515,"DepthMask": false,"CullFaceEnable": false,"BlendEnable": true,"BlendFunc": [1,1],"PolygonOffset": [-1,-1],"PolygonOffsetFillEnable": true},"programs": ["vp_nolight_vertexcolor","fp_translucent_vertexcolor"]}],"filter":[{"parameters": ["uvTransform","worldViewProjection","materialColor","diffuse"],"semantics": ["ATTR0","ATTR8"],"states":{"DepthTestEnable": true,"DepthFunc": 515,"DepthMask": false,"CullFaceEnable": true,"CullFace": 1029,"BlendEnable": true,"BlendFunc": [774,0],"PolygonOffset": [-1,-1],"PolygonOffsetFillEnable": true},"programs": ["vp_nolight","fp_normal"]}],"filter_skinned":[{"parameters": ["skinBones","uvTransform","worldViewProjection","materialColor","diffuse"],"semantics": ["ATTR0","ATTR8","ATTR7","ATTR1"],"states":{"DepthTestEnable": true,"DepthFunc": 515,"DepthMask": false,"CullFaceEnable": true,"CullFace": 1029,"BlendEnable": true,"BlendFunc": [774,0],"PolygonOffset": [-1,-1],"PolygonOffsetFillEnable": true},"programs": ["vp_nolight_skinned","fp_normal"]}],"invfilter":[{"parameters": ["uvTransform","worldViewProjection","materialColor","diffuse"],"semantics": ["ATTR0","ATTR8"],"states":{"DepthTestEnable": true,"DepthFunc": 515,"DepthMask": false,"CullFaceEnable": true,"CullFace": 1029,"BlendEnable": true,"BlendFunc": [0,769],"PolygonOffset": [-1,-1],"PolygonOffsetFillEnable": true},"programs": ["vp_nolight","fp_premodulatealpha"]}],"invfilter_particle":[{"parameters": ["uvTransform","worldViewProjection","materialColor","diffuse"],"semantics": ["ATTR0","ATTR8","ATTR3"],"states":{"DepthTestEnable": true,"DepthFunc": 515,"DepthMask": false,"CullFaceEnable": false,"BlendEnable": true,"BlendFunc": [0,769],"PolygonOffset": [-1,-1],"PolygonOffsetFillEnable": true},"programs": ["vp_nolight_vertexcolor","fp_premodulatealpha_vertexcolor"]}],"glass":[{"parameters": ["uvTransform","worldViewProjection","materialColor","diffuse","alpha_map"],"semantics": ["ATTR0","ATTR8"],"states":{"DepthTestEnable": true,"DepthFunc": 515,"DepthMask": false,"CullFaceEnable": false,"BlendEnable": true,"BlendFunc": [1,1]},"programs": ["vp_nolight","fp_separatealpha"]}],"glass_env":[{"parameters": ["uvTransform","worldViewProjection","worldInverseTranspose","eyePosition","materialColor","alpha_map","env_map"],"semantics": ["ATTR0","ATTR2","ATTR8"],"states":{"DepthTestEnable": true,"DepthFunc": 515,"DepthMask": false,"CullFaceEnable": false,"BlendEnable": true,"BlendFunc": [1,1]},"programs": ["vp_glass_env","fp_separatealpha_env"]}],"modulate2":[{"parameters": ["uvTransform","worldViewProjection","materialColor","diffuse"],"semantics": ["ATTR0","ATTR8"],"states":{"DepthTestEnable": true,"DepthFunc": 515,"DepthMask": false,"CullFaceEnable": true,"CullFace": 1029,"BlendEnable": true,"BlendFunc": [774,768],"PolygonOffset": [-1,-1],"PolygonOffsetFillEnable": true},"programs": ["vp_nolight","fp_normal"]}],"modulate2_skinned":[{"parameters": ["skinBones","uvTransform","worldViewProjection","materialColor","diffuse"],"semantics": ["ATTR0","ATTR8","ATTR7","ATTR1"],"states":{"DepthTestEnable": true,"DepthFunc": 515,"DepthMask": false,"CullFaceEnable": true,"CullFace": 1029,"BlendEnable": true,"BlendFunc": [774,768],"PolygonOffset": [-1,-1],"PolygonOffsetFillEnable": true},"programs": ["vp_nolight_skinned","fp_normal"]}],"normalmap":[{"parameters": ["uvTransform","worldViewProjection","eyePosition","lightPosition","lightColor","ambientColor","materialColor","diffuse","normal_map"],"semantics": ["ATTR0","ATTR2","ATTR8","ATTR14","ATTR15"],"states":{"DepthTestEnable": true,"DepthFunc": 515,"DepthMask": true,"CullFaceEnable": true,"CullFace": 1029,"BlendEnable": false},"programs": ["vp_normalmap","fp_normalmap"]}],"normalmap_specularmap":[{"parameters": ["uvTransform","worldViewProjection","eyePosition","lightPosition","lightColor","ambientColor","materialColor","diffuse","normal_map","specular_map"],"semantics": ["ATTR0","ATTR2","ATTR8","ATTR14","ATTR15"],"states":{"DepthTestEnable": true,"DepthFunc": 515,"DepthMask": true,"CullFaceEnable": true,"CullFace": 1029,"BlendEnable": false},"programs": ["vp_normalmap","fp_normalmap_specularmap"]}],"normalmap_specularmap_alphamap":[{"parameters": ["uvTransform","worldViewProjection","eyePosition","lightPosition","lightColor","ambientColor","materialColor","alphaRef","diffuse","normal_map","specular_map","alpha_map"],"semantics": ["ATTR0","ATTR2","ATTR8","ATTR14","ATTR15"],"states":{"DepthTestEnable": true,"DepthFunc": 515,"DepthMask": true,"StencilTestEnable": true,"StencilFunc": [519,0,-1],"StencilOp": [7680,7680,0],"CullFaceEnable": true,"CullFace": 1029,"BlendEnable": false},"programs": ["vp_normalmap","fp_normalmap_specularmap_alphamap"]}],"normalmap_alphatest":[{"parameters": ["uvTransform","worldViewProjection","eyePosition","lightPosition","lightColor","ambientColor","materialColor","alphaRef","diffuse","normal_map"],"semantics": ["ATTR0","ATTR2","ATTR8","ATTR14","ATTR15"],"states":{"DepthTestEnable": true,"DepthFunc": 515,"DepthMask": true,"CullFaceEnable": true,"CullFace": 1029},"programs": ["vp_normalmap","fp_normalmap_alphatest"]}],"normalmap_specularmap_alphatest":[{"parameters": ["uvTransform","worldViewProjection","eyePosition","lightPosition","lightColor","ambientColor","materialColor","alphaRef","diffuse","normal_map","specular_map"],"semantics": ["ATTR0","ATTR2","ATTR8","ATTR14","ATTR15"],"states":{"DepthTestEnable": true,"DepthFunc": 515,"DepthMask": true,"CullFaceEnable": true,"CullFace": 1029},"programs": ["vp_normalmap","fp_normalmap_specularmap_alphatest"]}],"normalmap_specularmap_glowmap":[{"parameters": ["uvTransform","worldViewProjection","eyePosition","lightPosition","lightColor","ambientColor","materialColor","diffuse","normal_map","specular_map","glow_map"],"semantics": ["ATTR0","ATTR2","ATTR8","ATTR14","ATTR15"],"states":{"DepthTestEnable": true,"DepthFunc": 515,"DepthMask": true,"CullFaceEnable": true,"CullFace": 1029,"BlendEnable": false},"programs": ["vp_normalmap","fp_normalmap_specularmap_glowmap"]}],"normalmap_glowmap":[{"parameters": ["uvTransform","worldViewProjection","eyePosition","lightPosition","lightColor","ambientColor","materialColor","diffuse","normal_map","glow_map"],"semantics": ["ATTR0","ATTR2","ATTR8","ATTR14","ATTR15"],"states":{"DepthTestEnable": true,"DepthFunc": 515,"DepthMask": true,"CullFaceEnable": true,"CullFace": 1029,"BlendEnable": false},"programs": ["vp_normalmap","fp_normalmap_glowmap"]}],"normalmap_skinned":[{"parameters": ["skinBones","uvTransform","worldViewProjection","eyePosition","lightPosition","lightColor","ambientColor","materialColor","diffuse","normal_map"],"semantics": ["ATTR0","ATTR2","ATTR8","ATTR14","ATTR15","ATTR7","ATTR1"],"states":{"DepthTestEnable": true,"DepthFunc": 515,"DepthMask": true,"CullFaceEnable": true,"CullFace": 1029,"BlendEnable": false},"programs": ["vp_normalmap_skinned","fp_normalmap"]}],"normalmap_specularmap_skinned":[{"parameters": ["skinBones","uvTransform","worldViewProjection","eyePosition","lightPosition","lightColor","ambientColor","materialColor","diffuse","normal_map","specular_map"],"semantics": ["ATTR0","ATTR2","ATTR8","ATTR14","ATTR15","ATTR7","ATTR1"],"states":{"DepthTestEnable": true,"DepthFunc": 515,"DepthMask": true,"CullFaceEnable": true,"CullFace": 1029,"BlendEnable": false},"programs": ["vp_normalmap_skinned","fp_normalmap_specularmap"]}],"normalmap_alphatest_skinned":[{"parameters": ["skinBones","uvTransform","worldViewProjection","eyePosition","lightPosition","lightColor","ambientColor","materialColor","alphaRef","diffuse","normal_map"],"semantics": ["ATTR0","ATTR2","ATTR8","ATTR14","ATTR15","ATTR7","ATTR1"],"states":{"DepthTestEnable": true,"DepthFunc": 515,"DepthMask": true,"CullFaceEnable": true,"CullFace": 1029},"programs": ["vp_normalmap_skinned","fp_normalmap_alphatest"]}],"normalmap_specularmap_alphatest_skinned":[{"parameters": ["skinBones","uvTransform","worldViewProjection","eyePosition","lightPosition","lightColor","ambientColor","materialColor","alphaRef","diffuse","normal_map","specular_map"],"semantics": ["ATTR0","ATTR2","ATTR8","ATTR14","ATTR15","ATTR7","ATTR1"],"states":{"DepthTestEnable": true,"DepthFunc": 515,"DepthMask": true,"CullFaceEnable": true,"CullFace": 1029},"programs": ["vp_normalmap_skinned","fp_normalmap_specularmap_alphatest"]}],"normalmap_specularmap_glowmap_skinned":[{"parameters": ["skinBones","uvTransform","worldViewProjection","eyePosition","lightPosition","lightColor","ambientColor","materialColor","diffuse","normal_map","specular_map","glow_map"],"semantics": ["ATTR0","ATTR2","ATTR8","ATTR14","ATTR15","ATTR7","ATTR1"],"states":{"DepthTestEnable": true,"DepthFunc": 515,"DepthMask": true,"CullFaceEnable": true,"CullFace": 1029,"BlendEnable": false},"programs": ["vp_normalmap_skinned","fp_normalmap_specularmap_glowmap"]}],"normalmap_glowmap_skinned":[{"parameters": ["skinBones","uvTransform","worldViewProjection","eyePosition","lightPosition","lightColor","ambientColor","materialColor","diffuse","normal_map","glow_map"],"semantics": ["ATTR0","ATTR2","ATTR8","ATTR14","ATTR15","ATTR7","ATTR1"],"states":{"DepthTestEnable": true,"DepthFunc": 515,"DepthMask": true,"CullFaceEnable": true,"CullFace": 1029,"BlendEnable": false},"programs": ["vp_normalmap_skinned","fp_normalmap_glowmap"]}],"rxgb_normalmap":[{"parameters": ["uvTransform","worldViewProjection","eyePosition","lightPosition","lightColor","ambientColor","materialColor","diffuse","normal_map"],"semantics": ["ATTR0","ATTR2","ATTR8","ATTR14","ATTR15"],"states":{"DepthTestEnable": true,"DepthFunc": 515,"DepthMask": true,"CullFaceEnable": true,"CullFace": 1029,"BlendEnable": false},"programs": ["vp_normalmap","fp_rxgb_normalmap"]}],"rxgb_normalmap_specularmap":[{"parameters": ["uvTransform","worldViewProjection","eyePosition","lightPosition","lightColor","ambientColor","materialColor","diffuse","normal_map","specular_map"],"semantics": ["ATTR0","ATTR2","ATTR8","ATTR14","ATTR15"],"states":{"DepthTestEnable": true,"DepthFunc": 515,"DepthMask": true,"CullFaceEnable": true,"CullFace": 1029,"BlendEnable": false},"programs": ["vp_normalmap","fp_rxgb_normalmap_specularmap"]}],"rxgb_normalmap_alphatest":[{"parameters": ["uvTransform","worldViewProjection","eyePosition","lightPosition","lightColor","ambientColor","materialColor","alphaRef","diffuse","normal_map"],"semantics": ["ATTR0","ATTR2","ATTR8","ATTR14","ATTR15"],"states":{"DepthTestEnable": true,"DepthFunc": 515,"DepthMask": true,"CullFaceEnable": true,"CullFace": 1029},"programs": ["vp_normalmap","fp_rxgb_normalmap_alphatest"]}],"rxgb_normalmap_specularmap_alphatest":[{"parameters": ["uvTransform","worldViewProjection","eyePosition","lightPosition","lightColor","ambientColor","materialColor","alphaRef","diffuse","normal_map","specular_map"],"semantics": ["ATTR0","ATTR2","ATTR8","ATTR14","ATTR15"],"states":{"DepthTestEnable": true,"DepthFunc": 515,"DepthMask": true,"CullFaceEnable": true,"CullFace": 1029},"programs": ["vp_normalmap","fp_rxgb_normalmap_specularmap_alphatest"]}],"rxgb_normalmap_specularmap_glowmap":[{"parameters": ["uvTransform","worldViewProjection","eyePosition","lightPosition","lightColor","ambientColor","materialColor","diffuse","normal_map","specular_map","glow_map"],"semantics": ["ATTR0","ATTR2","ATTR8","ATTR14","ATTR15"],"states":{"DepthTestEnable": true,"DepthFunc": 515,"DepthMask": true,"CullFaceEnable": true,"CullFace": 1029,"BlendEnable": false},"programs": ["vp_normalmap","fp_rxgb_normalmap_specularmap_glowmap"]}],"rxgb_normalmap_glowmap":[{"parameters": ["uvTransform","worldViewProjection","eyePosition","lightPosition","lightColor","ambientColor","materialColor","diffuse","normal_map","glow_map"],"semantics": ["ATTR0","ATTR2","ATTR8","ATTR14","ATTR15"],"states":{"DepthTestEnable": true,"DepthFunc": 515,"DepthMask": true,"CullFaceEnable": true,"CullFace": 1029,"BlendEnable": false},"programs": ["vp_normalmap","fp_rxgb_normalmap_glowmap"]}],"rxgb_normalmap_skinned":[{"parameters": ["skinBones","uvTransform","worldViewProjection","eyePosition","lightPosition","lightColor","ambientColor","materialColor","diffuse","normal_map"],"semantics": ["ATTR0","ATTR2","ATTR8","ATTR14","ATTR15","ATTR7","ATTR1"],"states":{"DepthTestEnable": true,"DepthFunc": 515,"DepthMask": true,"CullFaceEnable": true,"CullFace": 1029,"BlendEnable": false},"programs": ["vp_normalmap_skinned","fp_rxgb_normalmap"]}],"rxgb_normalmap_specularmap_skinned":[{"parameters": ["skinBones","uvTransform","worldViewProjection","eyePosition","lightPosition","lightColor","ambientColor","materialColor","diffuse","normal_map","specular_map"],"semantics": ["ATTR0","ATTR2","ATTR8","ATTR14","ATTR15","ATTR7","ATTR1"],"states":{"DepthTestEnable": true,"DepthFunc": 515,"DepthMask": true,"CullFaceEnable": true,"CullFace": 1029,"BlendEnable": false},"programs": ["vp_normalmap_skinned","fp_rxgb_normalmap_specularmap"]}],"rxgb_normalmap_alphatest_skinned":[{"parameters": ["skinBones","uvTransform","worldViewProjection","eyePosition","lightPosition","lightColor","ambientColor","materialColor","alphaRef","diffuse","normal_map"],"semantics": ["ATTR0","ATTR2","ATTR8","ATTR14","ATTR15","ATTR7","ATTR1"],"states":{"DepthTestEnable": true,"DepthFunc": 515,"DepthMask": true,"CullFaceEnable": true,"CullFace": 1029},"programs": ["vp_normalmap_skinned","fp_rxgb_normalmap_alphatest"]}],"rxgb_normalmap_specularmap_alphatest_skinned":[{"parameters": ["skinBones","uvTransform","worldViewProjection","eyePosition","lightPosition","lightColor","ambientColor","materialColor","alphaRef","diffuse","normal_map","specular_map"],"semantics": ["ATTR0","ATTR2","ATTR8","ATTR14","ATTR15","ATTR7","ATTR1"],"states":{"DepthTestEnable": true,"DepthFunc": 515,"DepthMask": true,"CullFaceEnable": true,"CullFace": 1029},"programs": ["vp_normalmap_skinned","fp_rxgb_normalmap_specularmap_alphatest"]}],"rxgb_normalmap_specularmap_glowmap_skinned":[{"parameters": ["skinBones","uvTransform","worldViewProjection","eyePosition","lightPosition","lightColor","ambientColor","materialColor","diffuse","normal_map","specular_map","glow_map"],"semantics": ["ATTR0","ATTR2","ATTR8","ATTR14","ATTR15","ATTR7","ATTR1"],"states":{"DepthTestEnable": true,"DepthFunc": 515,"DepthMask": true,"CullFaceEnable": true,"CullFace": 1029,"BlendEnable": false},"programs": ["vp_normalmap_skinned","fp_rxgb_normalmap_specularmap_glowmap"]}],"rxgb_normalmap_glowmap_skinned":[{"parameters": ["skinBones","uvTransform","worldViewProjection","eyePosition","lightPosition","lightColor","ambientColor","materialColor","diffuse","normal_map","glow_map"],"semantics": ["ATTR0","ATTR2","ATTR8","ATTR14","ATTR15","ATTR7","ATTR1"],"states":{"DepthTestEnable": true,"DepthFunc": 515,"DepthMask": true,"CullFaceEnable": true,"CullFace": 1029,"BlendEnable": false},"programs": ["vp_normalmap_skinned","fp_rxgb_normalmap_glowmap"]}],"glowmap":[{"parameters": ["uvTransform","worldViewProjection","materialColor","glow_map"],"semantics": ["ATTR0","ATTR8"],"states":{"DepthTestEnable": true,"DepthFunc": 515,"DepthMask": true,"CullFaceEnable": true,"CullFace": 1029,"BlendEnable": false},"programs": ["vp_glowmap","fp_glowmap"]}],"glowmap_skinned":[{"parameters": ["skinBones","uvTransform","worldViewProjection","materialColor","glow_map"],"semantics": ["ATTR0","ATTR8","ATTR7","ATTR1"],"states":{"DepthTestEnable": true,"DepthFunc": 515,"DepthMask": true,"CullFaceEnable": true,"CullFace": 1029,"BlendEnable": false},"programs": ["vp_glowmap_skinned","fp_glowmap"]}],"skybox":[{"parameters": ["worldViewProjection","worldInverseTranspose","eyePosition","env_map"],"semantics": ["ATTR0"],"states":{"DepthTestEnable": true,"DepthFunc": 515,"DepthMask": true,"CullFaceEnable": true,"CullFace": 1029,"BlendEnable": false},"programs": ["vp_skybox","fp_skybox"]}],"env":[{"parameters": ["worldViewProjection","worldInverseTranspose","eyePosition","materialColor","env_map"],"semantics": ["ATTR0","ATTR2"],"states":{"DepthTestEnable": true,"DepthFunc": 515,"DepthMask": false,"CullFaceEnable": false,"BlendEnable": true,"BlendFunc": [1,1]},"programs": ["vp_env","fp_env"]}],"env_skinned":[{"parameters": ["skinBones","worldViewProjection","worldInverseTranspose","eyePosition","materialColor","env_map"],"semantics": ["ATTR0","ATTR2","ATTR7","ATTR1"],"states":{"DepthTestEnable": true,"DepthFunc": 515,"DepthMask": false,"CullFaceEnable": false,"BlendEnable": true,"BlendFunc": [1,1]},"programs": ["vp_env_skinned","fp_env"]}],"lightmap":[{"parameters": ["uvTransform","worldViewProjection","ambientColor","materialColor","lightingScale","diffuse","light_map"],"semantics": ["ATTR0","ATTR8","ATTR9"],"states":{"DepthTestEnable": true,"DepthFunc": 515,"DepthMask": true,"CullFaceEnable": true,"CullFace": 1029,"BlendEnable": false},"programs": ["vp_lightmap","fp_lightmap"]}]},"programs":{"fp_lightmap":{"type": "fragment","code": "#ifdef GL_ES\n#define TZ_LOWP lowp\nprecision mediump float;\nprecision mediump int;\n#else\n#define TZ_LOWP\n#endif\nvarying vec4 tz_TexCoord[1];\nvec4 _ret_0;vec4 _TMP1;vec4 _TMP0;uniform vec3 ambientColor;uniform vec4 materialColor;uniform float lightingScale;uniform sampler2D diffuse;uniform sampler2D light_map;void main()\n{vec3 _diffContrib;vec3 _TMP20;_TMP0=texture2D(diffuse,tz_TexCoord[0].xy);_TMP1=texture2D(light_map,tz_TexCoord[0].zw);_diffContrib=lightingScale*_TMP1.xyz+ambientColor;_TMP20=materialColor.xyz*_TMP0.xyz*_diffContrib;_ret_0=vec4(_TMP20.x,_TMP20.y,_TMP20.z,1.0);gl_FragColor=_ret_0;}"},"vp_lightmap":{"type": "vertex","code": "#ifdef GL_ES\n#define TZ_LOWP lowp\nprecision mediump float;\nprecision mediump int;\n#else\n#define TZ_LOWP\n#endif\nvarying vec4 tz_TexCoord[1];attribute vec4 ATTR0;attribute vec4 ATTR8;attribute vec4 ATTR9;\nvec4 _OUTPosition1;vec4 _OUTUV1;uniform vec2 uvTransform[3];uniform vec4 worldViewProjection[4];void main()\n{_OUTPosition1=ATTR0.xxxx*worldViewProjection[0]+ATTR0.yyyy*worldViewProjection[1]+ATTR0.zzzz*worldViewProjection[2]+worldViewProjection[3];_OUTUV1.xy=ATTR8.xx*uvTransform[0]+ATTR8.yy*uvTransform[1]+uvTransform[2];_OUTUV1.zw=ATTR9.xx*uvTransform[0]+ATTR9.yy*uvTransform[1]+uvTransform[2];tz_TexCoord[0]=_OUTUV1;gl_Position=_OUTPosition1;}"},"fp_env":{"type": "fragment","code": "#ifdef GL_ES\n#define TZ_LOWP lowp\nprecision mediump float;\nprecision mediump int;\n#else\n#define TZ_LOWP\n#endif\nvarying vec4 tz_TexCoord[2];\nvec4 _ret_0;vec4 _TMP2;vec3 _TMP1;vec3 _TMP0;float _TMP5;float _TMP4;float _TMP3;uniform vec4 materialColor;uniform samplerCube env_map;void main()\n{vec3 _R;_TMP3=dot(tz_TexCoord[1].xyz,tz_TexCoord[1].xyz);_TMP4=inversesqrt(_TMP3);_TMP0=_TMP4*tz_TexCoord[1].xyz;_TMP3=dot(tz_TexCoord[0].xyz,tz_TexCoord[0].xyz);_TMP4=inversesqrt(_TMP3);_TMP1=_TMP4*tz_TexCoord[0].xyz;_TMP5=dot(_TMP1,_TMP0);_R=_TMP0-(2.0*_TMP1)*_TMP5;_TMP2=textureCube(env_map,_R);_ret_0=(materialColor.w*materialColor)*_TMP2;gl_FragColor=_ret_0;}"},"vp_env_skinned":{"type": "vertex","code": "#ifdef GL_ES\n#define TZ_LOWP lowp\nprecision mediump float;\nprecision mediump int;\n#else\n#define TZ_LOWP\n#endif\nvarying vec4 tz_TexCoord[2];attribute vec4 ATTR0;attribute vec3 ATTR2;\nvec4 _OUTPosition1;vec3 _OUTEyeDirection1;vec3 _OUTNormal1;vec4 _indices0020;ivec4 _Indices0020;vec4 _skinMatrix0020[3];vec3 _n0038;attribute vec4 ATTR7;attribute vec4 ATTR1;vec3 _TMP39;vec3 _TMP40;vec3 _TMP41;uniform vec4 skinBones[225];uniform vec4 worldViewProjection[4];uniform vec3 worldInverseTranspose[3];uniform vec3 eyePosition;void main()\n{vec4 _skinTempPosition;vec3 _Position;vec3 _Normal;_indices0020=ATTR7*3.0;_Indices0020=ivec4(int(_indices0020.x),int(_indices0020.y),int(_indices0020.z),int(_indices0020.w));_skinMatrix0020[0]=ATTR1.x*skinBones[_Indices0020.x];_skinMatrix0020[1]=ATTR1.x*skinBones[(_Indices0020.x+1)];_skinMatrix0020[2]=ATTR1.x*skinBones[(_Indices0020.x+2)];_skinMatrix0020[0]=_skinMatrix0020[0]+ATTR1.y*skinBones[_Indices0020.y];_skinMatrix0020[1]=_skinMatrix0020[1]+ATTR1.y*skinBones[(_Indices0020.y+1)];_skinMatrix0020[2]=_skinMatrix0020[2]+ATTR1.y*skinBones[(_Indices0020.y+2)];_skinMatrix0020[0]=_skinMatrix0020[0]+ATTR1.z*skinBones[_Indices0020.z];_skinMatrix0020[1]=_skinMatrix0020[1]+ATTR1.z*skinBones[(_Indices0020.z+1)];_skinMatrix0020[2]=_skinMatrix0020[2]+ATTR1.z*skinBones[(_Indices0020.z+2)];_skinMatrix0020[0]=_skinMatrix0020[0]+ATTR1.w*skinBones[_Indices0020.w];_skinMatrix0020[1]=_skinMatrix0020[1]+ATTR1.w*skinBones[(_Indices0020.w+1)];_skinMatrix0020[2]=_skinMatrix0020[2]+ATTR1.w*skinBones[(_Indices0020.w+2)];_skinTempPosition=vec4(ATTR0.x,ATTR0.y,ATTR0.z,1.0);_Position.x=dot(_skinTempPosition,_skinMatrix0020[0]);_Position.y=dot(_skinTempPosition,_skinMatrix0020[1]);_Position.z=dot(_skinTempPosition,_skinMatrix0020[2]);_TMP39.x=_skinMatrix0020[0].x;_TMP39.y=_skinMatrix0020[0].y;_TMP39.z=_skinMatrix0020[0].z;_Normal.x=dot(ATTR2.xyz,_TMP39);_TMP40.x=_skinMatrix0020[1].x;_TMP40.y=_skinMatrix0020[1].y;_TMP40.z=_skinMatrix0020[1].z;_Normal.y=dot(ATTR2.xyz,_TMP40);_TMP41.x=_skinMatrix0020[2].x;_TMP41.y=_skinMatrix0020[2].y;_TMP41.z=_skinMatrix0020[2].z;_Normal.z=dot(ATTR2.xyz,_TMP41);_OUTPosition1=_Position.xxxx*worldViewProjection[0]+_Position.yyyy*worldViewProjection[1]+_Position.zzzz*worldViewProjection[2]+worldViewProjection[3];_OUTNormal1=_Normal.xxx*worldInverseTranspose[0]+_Normal.yyy*worldInverseTranspose[1]+_Normal.zzz*worldInverseTranspose[2];_n0038=_Position-eyePosition;_OUTEyeDirection1=_n0038.xxx*worldInverseTranspose[0]+_n0038.yyy*worldInverseTranspose[1]+_n0038.zzz*worldInverseTranspose[2];tz_TexCoord[0].xyz=_OUTNormal1;tz_TexCoord[1].xyz=_OUTEyeDirection1;gl_Position=_OUTPosition1;}"},"vp_env":{"type": "vertex","code": "#ifdef GL_ES\n#define TZ_LOWP lowp\nprecision mediump float;\nprecision mediump int;\n#else\n#define TZ_LOWP\n#endif\nvarying vec4 tz_TexCoord[2];attribute vec4 ATTR0;attribute vec3 ATTR2;\nvec4 _OUTPosition1;vec3 _OUTEyeDirection1;vec3 _OUTNormal1;vec3 _n0023;uniform vec4 worldViewProjection[4];uniform vec3 worldInverseTranspose[3];uniform vec3 eyePosition;void main()\n{_OUTPosition1=ATTR0.xxxx*worldViewProjection[0]+ATTR0.yyyy*worldViewProjection[1]+ATTR0.zzzz*worldViewProjection[2]+worldViewProjection[3];_OUTNormal1=ATTR2.xxx*worldInverseTranspose[0]+ATTR2.yyy*worldInverseTranspose[1]+ATTR2.zzz*worldInverseTranspose[2];_n0023=ATTR0.xyz-eyePosition;_OUTEyeDirection1=_n0023.xxx*worldInverseTranspose[0]+_n0023.yyy*worldInverseTranspose[1]+_n0023.zzz*worldInverseTranspose[2];tz_TexCoord[0].xyz=_OUTNormal1;tz_TexCoord[1].xyz=_OUTEyeDirection1;gl_Position=_OUTPosition1;}"},"fp_skybox":{"type": "fragment","code": "#ifdef GL_ES\n#define TZ_LOWP lowp\nprecision mediump float;\nprecision mediump int;\n#else\n#define TZ_LOWP\n#endif\nvarying vec4 tz_TexCoord[1];\nvec4 _ret_0;uniform samplerCube env_map;void main()\n{_ret_0=textureCube(env_map,tz_TexCoord[0].xyz);gl_FragColor=_ret_0;}"},"vp_skybox":{"type": "vertex","code": "#ifdef GL_ES\n#define TZ_LOWP lowp\nprecision mediump float;\nprecision mediump int;\n#else\n#define TZ_LOWP\n#endif\nvarying vec4 tz_TexCoord[1];attribute vec4 ATTR0;\nvec4 _OUTPosition1;vec3 _OUTEyeDirection1;vec3 _n0021;uniform vec4 worldViewProjection[4];uniform vec3 worldInverseTranspose[3];uniform vec3 eyePosition;void main()\n{_OUTPosition1=ATTR0.xxxx*worldViewProjection[0]+ATTR0.yyyy*worldViewProjection[1]+ATTR0.zzzz*worldViewProjection[2]+worldViewProjection[3];_n0021=ATTR0.xyz-eyePosition;_OUTEyeDirection1=_n0021.xxx*worldInverseTranspose[0]+_n0021.yyy*worldInverseTranspose[1]+_n0021.zzz*worldInverseTranspose[2];tz_TexCoord[0].xyz=_OUTEyeDirection1;gl_Position=_OUTPosition1;}"},"fp_glowmap":{"type": "fragment","code": "#ifdef GL_ES\n#define TZ_LOWP lowp\nprecision mediump float;\nprecision mediump int;\n#else\n#define TZ_LOWP\n#endif\nvarying vec4 tz_TexCoord[1];\nvec4 _ret_0;vec4 _TMP0;uniform vec4 materialColor;uniform sampler2D glow_map;void main()\n{vec3 _TMP19;_TMP0=texture2D(glow_map,tz_TexCoord[0].xy);_TMP19=materialColor.xyz*_TMP0.xyz;_ret_0=vec4(_TMP19.x,_TMP19.y,_TMP19.z,1.0);gl_FragColor=_ret_0;}"},"vp_glowmap_skinned":{"type": "vertex","code": "#ifdef GL_ES\n#define TZ_LOWP lowp\nprecision mediump float;\nprecision mediump int;\n#else\n#define TZ_LOWP\n#endif\nvarying vec4 tz_TexCoord[1];attribute vec4 ATTR0;attribute vec4 ATTR8;\nvec4 _OUTPosition1;vec2 _OUTUV1;vec4 _indices0020;ivec4 _Indices0020;vec4 _skinMatrix0020[3];attribute vec4 ATTR7;attribute vec4 ATTR1;uniform vec4 skinBones[225];uniform vec2 uvTransform[3];uniform vec4 worldViewProjection[4];void main()\n{vec4 _skinTempPosition;vec3 _Position;_indices0020=ATTR7*3.0;_Indices0020=ivec4(int(_indices0020.x),int(_indices0020.y),int(_indices0020.z),int(_indices0020.w));_skinMatrix0020[0]=ATTR1.x*skinBones[_Indices0020.x];_skinMatrix0020[1]=ATTR1.x*skinBones[(_Indices0020.x+1)];_skinMatrix0020[2]=ATTR1.x*skinBones[(_Indices0020.x+2)];_skinMatrix0020[0]=_skinMatrix0020[0]+ATTR1.y*skinBones[_Indices0020.y];_skinMatrix0020[1]=_skinMatrix0020[1]+ATTR1.y*skinBones[(_Indices0020.y+1)];_skinMatrix0020[2]=_skinMatrix0020[2]+ATTR1.y*skinBones[(_Indices0020.y+2)];_skinMatrix0020[0]=_skinMatrix0020[0]+ATTR1.z*skinBones[_Indices0020.z];_skinMatrix0020[1]=_skinMatrix0020[1]+ATTR1.z*skinBones[(_Indices0020.z+1)];_skinMatrix0020[2]=_skinMatrix0020[2]+ATTR1.z*skinBones[(_Indices0020.z+2)];_skinMatrix0020[0]=_skinMatrix0020[0]+ATTR1.w*skinBones[_Indices0020.w];_skinMatrix0020[1]=_skinMatrix0020[1]+ATTR1.w*skinBones[(_Indices0020.w+1)];_skinMatrix0020[2]=_skinMatrix0020[2]+ATTR1.w*skinBones[(_Indices0020.w+2)];_skinTempPosition=vec4(ATTR0.x,ATTR0.y,ATTR0.z,1.0);_Position.x=dot(_skinTempPosition,_skinMatrix0020[0]);_Position.y=dot(_skinTempPosition,_skinMatrix0020[1]);_Position.z=dot(_skinTempPosition,_skinMatrix0020[2]);_OUTPosition1=_Position.xxxx*worldViewProjection[0]+_Position.yyyy*worldViewProjection[1]+_Position.zzzz*worldViewProjection[2]+worldViewProjection[3];_OUTUV1=ATTR8.xx*uvTransform[0]+ATTR8.yy*uvTransform[1]+uvTransform[2];tz_TexCoord[0].xy=_OUTUV1;gl_Position=_OUTPosition1;}"},"vp_glowmap":{"type": "vertex","code": "#ifdef GL_ES\n#define TZ_LOWP lowp\nprecision mediump float;\nprecision mediump int;\n#else\n#define TZ_LOWP\n#endif\nvarying vec4 tz_TexCoord[1];attribute vec4 ATTR0;attribute vec4 ATTR8;\nvec4 _OUTPosition1;vec2 _OUTUV1;uniform vec2 uvTransform[3];uniform vec4 worldViewProjection[4];void main()\n{_OUTPosition1=ATTR0.xxxx*worldViewProjection[0]+ATTR0.yyyy*worldViewProjection[1]+ATTR0.zzzz*worldViewProjection[2]+worldViewProjection[3];_OUTUV1=ATTR8.xx*uvTransform[0]+ATTR8.yy*uvTransform[1]+uvTransform[2];tz_TexCoord[0].xy=_OUTUV1;gl_Position=_OUTPosition1;}"},"fp_rxgb_normalmap_glowmap":{"type": "fragment","code": "#ifdef GL_ES\n#define TZ_LOWP lowp\nprecision mediump float;\nprecision mediump int;\n#else\n#define TZ_LOWP\n#endif\nvarying vec4 tz_TexCoord[3];\nvec4 _ret_0;vec4 _TMP1;vec4 _TMP0;float _TMP6;float _TMP8;float _TMP5;float _TMP3;float _TMP2;vec4 _TMP4;vec3 _normal0041;vec3 _v0045;vec3 _Hn0050;float _s0050;vec3 _DiffuseContrib0050;vec3 _SpecularContrib0050;vec3 _v0052;float _TMP61;float _TMP71;uniform vec3 lightColor;uniform vec3 ambientColor;uniform vec4 materialColor;uniform sampler2D diffuse;uniform sampler2D normal_map;uniform sampler2D glow_map;void main()\n{vec3 _Ln1;vec3 _Vn1;vec3 _glowColor;vec3 _result;_TMP2=dot(tz_TexCoord[1].xyz,tz_TexCoord[1].xyz);_TMP3=inversesqrt(_TMP2);_Ln1=_TMP3*tz_TexCoord[1].xyz;_TMP2=dot(tz_TexCoord[2].xyz,tz_TexCoord[2].xyz);_TMP3=inversesqrt(_TMP2);_Vn1=_TMP3*tz_TexCoord[2].xyz;_TMP4=texture2D(normal_map,tz_TexCoord[0].xy);_v0045=2.0*_TMP4.wyz-1.0;_TMP2=dot(_v0045,_v0045);_TMP3=inversesqrt(_TMP2);_normal0041=_TMP3*_v0045;_v0052=_Vn1+_Ln1;_TMP2=dot(_v0052,_v0052);_TMP3=inversesqrt(_TMP2);_Hn0050=_TMP3*_v0052;_TMP5=dot(_Ln1,_normal0041);_TMP8=min(1.0,_TMP5);_TMP61=max(0.0,_TMP8);_TMP6=dot(_Hn0050,_normal0041);_TMP8=min(1.0,_TMP6);_TMP71=max(0.0,_TMP8);_s0050=pow(_TMP71,32.0);_DiffuseContrib0050=_TMP61*lightColor;_SpecularContrib0050=(float((_TMP61>0.0))*_s0050*0.5)*lightColor;_TMP0=texture2D(diffuse,tz_TexCoord[0].xy);_TMP1=texture2D(glow_map,tz_TexCoord[0].xy);_glowColor=materialColor.xyz*_TMP1.xyz;_result=_SpecularContrib0050+_TMP0.xyz*(_DiffuseContrib0050+ambientColor)+_glowColor;_ret_0=vec4(_result.x,_result.y,_result.z,materialColor.w);gl_FragColor=_ret_0;}"},"vp_normalmap_skinned":{"type": "vertex","code": "#ifdef GL_ES\n#define TZ_LOWP lowp\nprecision mediump float;\nprecision mediump int;\n#else\n#define TZ_LOWP\n#endif\nvarying vec4 tz_TexCoord[3];attribute vec4 ATTR0;attribute vec3 ATTR2;attribute vec4 ATTR8;attribute vec4 ATTR14;attribute vec4 ATTR15;\nvec4 _OUTPosition1;vec3 _OUTLight1;vec2 _OUTUV1;vec3 _OUTView1;float _TMP5;float _TMP4;float _TMP3;float _TMP2;float _TMP1;float _TMP0;float _TMP7;float _TMP6;vec4 _indices0028;ivec4 _Indices0028;vec4 _skinMatrix0028[3];vec3 _v0076;vec3 _v0082;attribute vec4 ATTR7;attribute vec4 ATTR1;vec3 _TMP99;vec3 _TMP100;vec3 _TMP101;vec3 _TMP102;vec3 _TMP103;vec3 _TMP104;vec3 _TMP105;vec3 _TMP106;vec3 _TMP107;uniform vec4 skinBones[225];uniform vec2 uvTransform[3];uniform vec4 worldViewProjection[4];uniform vec3 eyePosition;uniform vec3 lightPosition;void main()\n{vec4 _skinTempPosition;vec3 _Position;vec3 _Normal;vec3 _Tangent;vec3 _Binormal;vec3 _Ln;vec3 _Vn;_indices0028=ATTR7*3.0;_Indices0028=ivec4(int(_indices0028.x),int(_indices0028.y),int(_indices0028.z),int(_indices0028.w));_skinMatrix0028[0]=ATTR1.x*skinBones[_Indices0028.x];_skinMatrix0028[1]=ATTR1.x*skinBones[(_Indices0028.x+1)];_skinMatrix0028[2]=ATTR1.x*skinBones[(_Indices0028.x+2)];_skinMatrix0028[0]=_skinMatrix0028[0]+ATTR1.y*skinBones[_Indices0028.y];_skinMatrix0028[1]=_skinMatrix0028[1]+ATTR1.y*skinBones[(_Indices0028.y+1)];_skinMatrix0028[2]=_skinMatrix0028[2]+ATTR1.y*skinBones[(_Indices0028.y+2)];_skinMatrix0028[0]=_skinMatrix0028[0]+ATTR1.z*skinBones[_Indices0028.z];_skinMatrix0028[1]=_skinMatrix0028[1]+ATTR1.z*skinBones[(_Indices0028.z+1)];_skinMatrix0028[2]=_skinMatrix0028[2]+ATTR1.z*skinBones[(_Indices0028.z+2)];_skinMatrix0028[0]=_skinMatrix0028[0]+ATTR1.w*skinBones[_Indices0028.w];_skinMatrix0028[1]=_skinMatrix0028[1]+ATTR1.w*skinBones[(_Indices0028.w+1)];_skinMatrix0028[2]=_skinMatrix0028[2]+ATTR1.w*skinBones[(_Indices0028.w+2)];_skinTempPosition=vec4(ATTR0.x,ATTR0.y,ATTR0.z,1.0);_Position.x=dot(_skinTempPosition,_skinMatrix0028[0]);_Position.y=dot(_skinTempPosition,_skinMatrix0028[1]);_Position.z=dot(_skinTempPosition,_skinMatrix0028[2]);_TMP99.x=_skinMatrix0028[0].x;_TMP99.y=_skinMatrix0028[0].y;_TMP99.z=_skinMatrix0028[0].z;_Normal.x=dot(ATTR2.xyz,_TMP99);_TMP100.x=_skinMatrix0028[1].x;_TMP100.y=_skinMatrix0028[1].y;_TMP100.z=_skinMatrix0028[1].z;_Normal.y=dot(ATTR2.xyz,_TMP100);_TMP101.x=_skinMatrix0028[2].x;_TMP101.y=_skinMatrix0028[2].y;_TMP101.z=_skinMatrix0028[2].z;_Normal.z=dot(ATTR2.xyz,_TMP101);_TMP102.x=_skinMatrix0028[0].x;_TMP102.y=_skinMatrix0028[0].y;_TMP102.z=_skinMatrix0028[0].z;_Tangent.x=dot(ATTR14.xyz,_TMP102);_TMP103.x=_skinMatrix0028[1].x;_TMP103.y=_skinMatrix0028[1].y;_TMP103.z=_skinMatrix0028[1].z;_Tangent.y=dot(ATTR14.xyz,_TMP103);_TMP104.x=_skinMatrix0028[2].x;_TMP104.y=_skinMatrix0028[2].y;_TMP104.z=_skinMatrix0028[2].z;_Tangent.z=dot(ATTR14.xyz,_TMP104);_TMP105.x=_skinMatrix0028[0].x;_TMP105.y=_skinMatrix0028[0].y;_TMP105.z=_skinMatrix0028[0].z;_Binormal.x=dot(ATTR15.xyz,_TMP105);_TMP106.x=_skinMatrix0028[1].x;_TMP106.y=_skinMatrix0028[1].y;_TMP106.z=_skinMatrix0028[1].z;_Binormal.y=dot(ATTR15.xyz,_TMP106);_TMP107.x=_skinMatrix0028[2].x;_TMP107.y=_skinMatrix0028[2].y;_TMP107.z=_skinMatrix0028[2].z;_Binormal.z=dot(ATTR15.xyz,_TMP107);_TMP6=dot(_Normal.xyz,_Normal.xyz);_TMP7=inversesqrt(_TMP6);_Normal.xyz=_TMP7*_Normal.xyz;_TMP6=dot(_Tangent.xyz,_Tangent.xyz);_TMP7=inversesqrt(_TMP6);_Tangent.xyz=_TMP7*_Tangent.xyz;_TMP6=dot(_Binormal.xyz,_Binormal.xyz);_TMP7=inversesqrt(_TMP6);_Binormal.xyz=_TMP7*_Binormal.xyz;_OUTPosition1=_Position.xxxx*worldViewProjection[0]+_Position.yyyy*worldViewProjection[1]+_Position.zzzz*worldViewProjection[2]+worldViewProjection[3];_OUTUV1=ATTR8.xx*uvTransform[0]+ATTR8.yy*uvTransform[1]+uvTransform[2];_v0076=lightPosition-_Position;_TMP6=dot(_v0076,_v0076);_TMP7=inversesqrt(_TMP6);_Ln=_TMP7*_v0076;_v0082=eyePosition-_Position;_TMP6=dot(_v0082,_v0082);_TMP7=inversesqrt(_TMP6);_Vn=_TMP7*_v0082;_TMP0=dot(_Ln,_Tangent);_TMP1=dot(_Ln,_Binormal);_TMP2=dot(_Ln,_Normal);_OUTLight1=vec3(_TMP0,_TMP1,_TMP2);_TMP3=dot(_Vn,_Tangent);_TMP4=dot(_Vn,_Binormal);_TMP5=dot(_Vn,_Normal);_OUTView1=vec3(_TMP3,_TMP4,_TMP5);tz_TexCoord[2].xyz=_OUTView1;tz_TexCoord[0].xy=_OUTUV1;tz_TexCoord[1].xyz=_OUTLight1;gl_Position=_OUTPosition1;}"},"fp_rxgb_normalmap_specularmap_glowmap":{"type": "fragment","code": "#ifdef GL_ES\n#define TZ_LOWP lowp\nprecision mediump float;\nprecision mediump int;\n#else\n#define TZ_LOWP\n#endif\nvarying vec4 tz_TexCoord[3];\nvec4 _ret_0;vec4 _TMP2;vec4 _TMP1;float _TMP7;float _TMP9;float _TMP6;float _TMP4;float _TMP3;vec4 _TMP0;vec4 _TMP5;vec3 _normal0042;vec3 _v0046;vec3 _Hn0053;float _s0053;vec3 _DiffuseContrib0053;vec3 _SpecularContrib0053;vec3 _v0055;float _TMP64;float _TMP74;uniform vec3 lightColor;uniform vec3 ambientColor;uniform vec4 materialColor;uniform sampler2D diffuse;uniform sampler2D normal_map;uniform sampler2D specular_map;uniform sampler2D glow_map;void main()\n{vec3 _Ln1;vec3 _Vn1;vec3 _glowColor;vec3 _result;_TMP3=dot(tz_TexCoord[1].xyz,tz_TexCoord[1].xyz);_TMP4=inversesqrt(_TMP3);_Ln1=_TMP4*tz_TexCoord[1].xyz;_TMP3=dot(tz_TexCoord[2].xyz,tz_TexCoord[2].xyz);_TMP4=inversesqrt(_TMP3);_Vn1=_TMP4*tz_TexCoord[2].xyz;_TMP5=texture2D(normal_map,tz_TexCoord[0].xy);_v0046=2.0*_TMP5.wyz-1.0;_TMP3=dot(_v0046,_v0046);_TMP4=inversesqrt(_TMP3);_normal0042=_TMP4*_v0046;_TMP0=texture2D(specular_map,tz_TexCoord[0].xy);_v0055=_Vn1+_Ln1;_TMP3=dot(_v0055,_v0055);_TMP4=inversesqrt(_TMP3);_Hn0053=_TMP4*_v0055;_TMP6=dot(_Ln1,_normal0042);_TMP9=min(1.0,_TMP6);_TMP64=max(0.0,_TMP9);_TMP7=dot(_Hn0053,_normal0042);_TMP9=min(1.0,_TMP7);_TMP74=max(0.0,_TMP9);_s0053=pow(_TMP74,32.0);_DiffuseContrib0053=_TMP64*lightColor;_SpecularContrib0053=((float((_TMP64>0.0))*_s0053)*_TMP0.xyz)*lightColor;_TMP1=texture2D(diffuse,tz_TexCoord[0].xy);_TMP2=texture2D(glow_map,tz_TexCoord[0].xy);_glowColor=materialColor.xyz*_TMP2.xyz;_result=_SpecularContrib0053+_TMP1.xyz*(_DiffuseContrib0053+ambientColor)+_glowColor;_ret_0=vec4(_result.x,_result.y,_result.z,materialColor.w);gl_FragColor=_ret_0;}"},"fp_rxgb_normalmap_specularmap_alphatest":{"type": "fragment","code": "#ifdef GL_ES\n#define TZ_LOWP lowp\nprecision mediump float;\nprecision mediump int;\n#else\n#define TZ_LOWP\n#endif\nvarying vec4 tz_TexCoord[3];\nvec4 _ret_0;float _TMP6;float _TMP8;float _TMP5;float _TMP3;float _TMP2;vec4 _TMP1;vec4 _TMP4;vec4 _TMP0;vec3 _normal0043;vec3 _v0047;vec3 _Hn0054;float _s0054;vec3 _DiffuseContrib0054;vec3 _SpecularContrib0054;vec3 _v0056;float _TMP65;float _TMP75;uniform vec3 lightColor;uniform vec3 ambientColor;uniform vec4 materialColor;uniform float alphaRef;uniform sampler2D diffuse;uniform sampler2D normal_map;uniform sampler2D specular_map;void main()\n{vec4 _diffuseColor;vec3 _Ln1;vec3 _Vn1;vec3 _ks1;vec3 _result;_TMP0=texture2D(diffuse,tz_TexCoord[0].xy);_diffuseColor=materialColor*_TMP0;if(_diffuseColor.w<alphaRef){discard;}\n_TMP2=dot(tz_TexCoord[1].xyz,tz_TexCoord[1].xyz);_TMP3=inversesqrt(_TMP2);_Ln1=_TMP3*tz_TexCoord[1].xyz;_TMP2=dot(tz_TexCoord[2].xyz,tz_TexCoord[2].xyz);_TMP3=inversesqrt(_TMP2);_Vn1=_TMP3*tz_TexCoord[2].xyz;_TMP4=texture2D(normal_map,tz_TexCoord[0].xy);_v0047=2.0*_TMP4.wyz-1.0;_TMP2=dot(_v0047,_v0047);_TMP3=inversesqrt(_TMP2);_normal0043=_TMP3*_v0047;_TMP1=texture2D(specular_map,tz_TexCoord[0].xy);_ks1=materialColor.xyz*_TMP1.xyz;_v0056=_Vn1+_Ln1;_TMP2=dot(_v0056,_v0056);_TMP3=inversesqrt(_TMP2);_Hn0054=_TMP3*_v0056;_TMP5=dot(_Ln1,_normal0043);_TMP8=min(1.0,_TMP5);_TMP65=max(0.0,_TMP8);_TMP6=dot(_Hn0054,_normal0043);_TMP8=min(1.0,_TMP6);_TMP75=max(0.0,_TMP8);_s0054=pow(_TMP75,32.0);_DiffuseContrib0054=_TMP65*lightColor;_SpecularContrib0054=((float((_TMP65>0.0))*_s0054)*_ks1)*lightColor;_result=_SpecularContrib0054+_diffuseColor.xyz*(_DiffuseContrib0054+ambientColor);_ret_0=vec4(_result.x,_result.y,_result.z,_diffuseColor.w);gl_FragColor=_ret_0;}"},"fp_rxgb_normalmap_alphatest":{"type": "fragment","code": "#ifdef GL_ES\n#define TZ_LOWP lowp\nprecision mediump float;\nprecision mediump int;\n#else\n#define TZ_LOWP\n#endif\nvarying vec4 tz_TexCoord[3];\nvec4 _ret_0;float _TMP5;float _TMP7;float _TMP4;float _TMP2;float _TMP1;vec4 _TMP3;vec4 _TMP0;vec3 _normal0042;vec3 _v0046;vec3 _Hn0051;float _s0051;vec3 _DiffuseContrib0051;vec3 _SpecularContrib0051;vec3 _v0053;float _TMP62;float _TMP72;uniform vec3 lightColor;uniform vec3 ambientColor;uniform vec4 materialColor;uniform float alphaRef;uniform sampler2D diffuse;uniform sampler2D normal_map;void main()\n{vec4 _diffuseColor;vec3 _Ln1;vec3 _Vn1;vec3 _result;_TMP0=texture2D(diffuse,tz_TexCoord[0].xy);_diffuseColor=materialColor*_TMP0;if(_diffuseColor.w<alphaRef){discard;}\n_TMP1=dot(tz_TexCoord[1].xyz,tz_TexCoord[1].xyz);_TMP2=inversesqrt(_TMP1);_Ln1=_TMP2*tz_TexCoord[1].xyz;_TMP1=dot(tz_TexCoord[2].xyz,tz_TexCoord[2].xyz);_TMP2=inversesqrt(_TMP1);_Vn1=_TMP2*tz_TexCoord[2].xyz;_TMP3=texture2D(normal_map,tz_TexCoord[0].xy);_v0046=2.0*_TMP3.wyz-1.0;_TMP1=dot(_v0046,_v0046);_TMP2=inversesqrt(_TMP1);_normal0042=_TMP2*_v0046;_v0053=_Vn1+_Ln1;_TMP1=dot(_v0053,_v0053);_TMP2=inversesqrt(_TMP1);_Hn0051=_TMP2*_v0053;_TMP4=dot(_Ln1,_normal0042);_TMP7=min(1.0,_TMP4);_TMP62=max(0.0,_TMP7);_TMP5=dot(_Hn0051,_normal0042);_TMP7=min(1.0,_TMP5);_TMP72=max(0.0,_TMP7);_s0051=pow(_TMP72,32.0);_DiffuseContrib0051=_TMP62*lightColor;_SpecularContrib0051=(float((_TMP62>0.0))*_s0051*0.5)*lightColor;_result=_SpecularContrib0051+_diffuseColor.xyz*(_DiffuseContrib0051+ambientColor);_ret_0=vec4(_result.x,_result.y,_result.z,_diffuseColor.w);gl_FragColor=_ret_0;}"},"fp_rxgb_normalmap_specularmap":{"type": "fragment","code": "#ifdef GL_ES\n#define TZ_LOWP lowp\nprecision mediump float;\nprecision mediump int;\n#else\n#define TZ_LOWP\n#endif\nvarying vec4 tz_TexCoord[3];\nvec4 _ret_0;vec4 _TMP1;float _TMP6;float _TMP8;float _TMP5;float _TMP3;float _TMP2;vec4 _TMP0;vec4 _TMP4;vec3 _normal0041;vec3 _v0045;vec3 _Hn0052;float _s0052;vec3 _DiffuseContrib0052;vec3 _SpecularContrib0052;vec3 _v0054;float _TMP63;float _TMP73;uniform vec3 lightColor;uniform vec3 ambientColor;uniform vec4 materialColor;uniform sampler2D diffuse;uniform sampler2D normal_map;uniform sampler2D specular_map;void main()\n{vec3 _Ln1;vec3 _Vn1;vec3 _ks1;vec4 _diffuseColor;vec3 _result;_TMP2=dot(tz_TexCoord[1].xyz,tz_TexCoord[1].xyz);_TMP3=inversesqrt(_TMP2);_Ln1=_TMP3*tz_TexCoord[1].xyz;_TMP2=dot(tz_TexCoord[2].xyz,tz_TexCoord[2].xyz);_TMP3=inversesqrt(_TMP2);_Vn1=_TMP3*tz_TexCoord[2].xyz;_TMP4=texture2D(normal_map,tz_TexCoord[0].xy);_v0045=2.0*_TMP4.wyz-1.0;_TMP2=dot(_v0045,_v0045);_TMP3=inversesqrt(_TMP2);_normal0041=_TMP3*_v0045;_TMP0=texture2D(specular_map,tz_TexCoord[0].xy);_ks1=materialColor.xyz*_TMP0.xyz;_v0054=_Vn1+_Ln1;_TMP2=dot(_v0054,_v0054);_TMP3=inversesqrt(_TMP2);_Hn0052=_TMP3*_v0054;_TMP5=dot(_Ln1,_normal0041);_TMP8=min(1.0,_TMP5);_TMP63=max(0.0,_TMP8);_TMP6=dot(_Hn0052,_normal0041);_TMP8=min(1.0,_TMP6);_TMP73=max(0.0,_TMP8);_s0052=pow(_TMP73,32.0);_DiffuseContrib0052=_TMP63*lightColor;_SpecularContrib0052=((float((_TMP63>0.0))*_s0052)*_ks1)*lightColor;_TMP1=texture2D(diffuse,tz_TexCoord[0].xy);_diffuseColor=materialColor*_TMP1;_result=_SpecularContrib0052+_diffuseColor.xyz*(_DiffuseContrib0052+ambientColor);_ret_0=vec4(_result.x,_result.y,_result.z,_diffuseColor.w);gl_FragColor=_ret_0;}"},"fp_rxgb_normalmap":{"type": "fragment","code": "#ifdef GL_ES\n#define TZ_LOWP lowp\nprecision mediump float;\nprecision mediump int;\n#else\n#define TZ_LOWP\n#endif\nvarying vec4 tz_TexCoord[3];\nvec4 _ret_0;vec4 _TMP0;float _TMP5;float _TMP7;float _TMP4;float _TMP2;float _TMP1;vec4 _TMP3;vec3 _normal0040;vec3 _v0044;vec3 _Hn0049;float _s0049;vec3 _DiffuseContrib0049;vec3 _SpecularContrib0049;vec3 _v0051;float _TMP60;float _TMP70;uniform vec3 lightColor;uniform vec3 ambientColor;uniform vec4 materialColor;uniform sampler2D diffuse;uniform sampler2D normal_map;void main()\n{vec3 _Ln1;vec3 _Vn1;vec4 _diffuseColor;vec3 _result;_TMP1=dot(tz_TexCoord[1].xyz,tz_TexCoord[1].xyz);_TMP2=inversesqrt(_TMP1);_Ln1=_TMP2*tz_TexCoord[1].xyz;_TMP1=dot(tz_TexCoord[2].xyz,tz_TexCoord[2].xyz);_TMP2=inversesqrt(_TMP1);_Vn1=_TMP2*tz_TexCoord[2].xyz;_TMP3=texture2D(normal_map,tz_TexCoord[0].xy);_v0044=2.0*_TMP3.wyz-1.0;_TMP1=dot(_v0044,_v0044);_TMP2=inversesqrt(_TMP1);_normal0040=_TMP2*_v0044;_v0051=_Vn1+_Ln1;_TMP1=dot(_v0051,_v0051);_TMP2=inversesqrt(_TMP1);_Hn0049=_TMP2*_v0051;_TMP4=dot(_Ln1,_normal0040);_TMP7=min(1.0,_TMP4);_TMP60=max(0.0,_TMP7);_TMP5=dot(_Hn0049,_normal0040);_TMP7=min(1.0,_TMP5);_TMP70=max(0.0,_TMP7);_s0049=pow(_TMP70,32.0);_DiffuseContrib0049=_TMP60*lightColor;_SpecularContrib0049=(float((_TMP60>0.0))*_s0049*0.5)*lightColor;_TMP0=texture2D(diffuse,tz_TexCoord[0].xy);_diffuseColor=materialColor*_TMP0;_result=_SpecularContrib0049+_diffuseColor.xyz*(_DiffuseContrib0049+ambientColor);_ret_0=vec4(_result.x,_result.y,_result.z,_diffuseColor.w);gl_FragColor=_ret_0;}"},"vp_normalmap":{"type": "vertex","code": "#ifdef GL_ES\n#define TZ_LOWP lowp\nprecision mediump float;\nprecision mediump int;\n#else\n#define TZ_LOWP\n#endif\nvarying vec4 tz_TexCoord[3];attribute vec4 ATTR0;attribute vec3 ATTR2;attribute vec4 ATTR8;attribute vec4 ATTR14;attribute vec4 ATTR15;\nvec4 _OUTPosition1;vec3 _OUTLight1;vec2 _OUTUV1;vec3 _OUTView1;float _TMP5;float _TMP4;float _TMP3;float _TMP2;float _TMP1;float _TMP0;float _TMP7;float _TMP6;vec3 _v0031;vec3 _v0037;uniform vec2 uvTransform[3];uniform vec4 worldViewProjection[4];uniform vec3 eyePosition;uniform vec3 lightPosition;void main()\n{vec3 _Ln;vec3 _Vn;_OUTPosition1=ATTR0.xxxx*worldViewProjection[0]+ATTR0.yyyy*worldViewProjection[1]+ATTR0.zzzz*worldViewProjection[2]+worldViewProjection[3];_OUTUV1=ATTR8.xx*uvTransform[0]+ATTR8.yy*uvTransform[1]+uvTransform[2];_v0031=lightPosition-ATTR0.xyz;_TMP6=dot(_v0031,_v0031);_TMP7=inversesqrt(_TMP6);_Ln=_TMP7*_v0031;_v0037=eyePosition-ATTR0.xyz;_TMP6=dot(_v0037,_v0037);_TMP7=inversesqrt(_TMP6);_Vn=_TMP7*_v0037;_TMP0=dot(_Ln,ATTR14.xyz);_TMP1=dot(_Ln,ATTR15.xyz);_TMP2=dot(_Ln,ATTR2);_OUTLight1=vec3(_TMP0,_TMP1,_TMP2);_TMP3=dot(_Vn,ATTR14.xyz);_TMP4=dot(_Vn,ATTR15.xyz);_TMP5=dot(_Vn,ATTR2);_OUTView1=vec3(_TMP3,_TMP4,_TMP5);tz_TexCoord[2].xyz=_OUTView1;tz_TexCoord[0].xy=_OUTUV1;tz_TexCoord[1].xyz=_OUTLight1;gl_Position=_OUTPosition1;}"},"fp_normalmap_glowmap":{"type": "fragment","code": "#ifdef GL_ES\n#define TZ_LOWP lowp\nprecision mediump float;\nprecision mediump int;\n#else\n#define TZ_LOWP\n#endif\nvarying vec4 tz_TexCoord[3];\nvec4 _ret_0;vec4 _TMP1;vec4 _TMP0;float _TMP6;float _TMP8;float _TMP5;float _TMP3;float _TMP2;vec4 _TMP4;vec3 _TMP40;vec3 _v0045;vec3 _Hn0050;float _s0050;vec3 _DiffuseContrib0050;vec3 _SpecularContrib0050;vec3 _v0052;float _TMP61;float _TMP71;uniform vec3 lightColor;uniform vec3 ambientColor;uniform vec4 materialColor;uniform sampler2D diffuse;uniform sampler2D normal_map;uniform sampler2D glow_map;void main()\n{vec3 _Ln1;vec3 _Vn1;vec3 _glowColor;vec3 _result;_TMP2=dot(tz_TexCoord[1].xyz,tz_TexCoord[1].xyz);_TMP3=inversesqrt(_TMP2);_Ln1=_TMP3*tz_TexCoord[1].xyz;_TMP2=dot(tz_TexCoord[2].xyz,tz_TexCoord[2].xyz);_TMP3=inversesqrt(_TMP2);_Vn1=_TMP3*tz_TexCoord[2].xyz;_TMP4=texture2D(normal_map,tz_TexCoord[0].xy);_v0045=2.0*_TMP4.xyz-1.0;_TMP2=dot(_v0045,_v0045);_TMP3=inversesqrt(_TMP2);_TMP40=_TMP3*_v0045;_v0052=_Vn1+_Ln1;_TMP2=dot(_v0052,_v0052);_TMP3=inversesqrt(_TMP2);_Hn0050=_TMP3*_v0052;_TMP5=dot(_Ln1,_TMP40);_TMP8=min(1.0,_TMP5);_TMP61=max(0.0,_TMP8);_TMP6=dot(_Hn0050,_TMP40);_TMP8=min(1.0,_TMP6);_TMP71=max(0.0,_TMP8);_s0050=pow(_TMP71,32.0);_DiffuseContrib0050=_TMP61*lightColor;_SpecularContrib0050=(float((_TMP61>0.0))*_s0050*0.5)*lightColor;_TMP0=texture2D(diffuse,tz_TexCoord[0].xy);_TMP1=texture2D(glow_map,tz_TexCoord[0].xy);_glowColor=materialColor.xyz*_TMP1.xyz;_result=_SpecularContrib0050+_TMP0.xyz*(_DiffuseContrib0050+ambientColor)+_glowColor;_ret_0=vec4(_result.x,_result.y,_result.z,1.0);gl_FragColor=_ret_0;}"},"fp_normalmap_specularmap_glowmap":{"type": "fragment","code": "#ifdef GL_ES\n#define TZ_LOWP lowp\nprecision mediump float;\nprecision mediump int;\n#else\n#define TZ_LOWP\n#endif\nvarying vec4 tz_TexCoord[3];\nvec4 _ret_0;vec4 _TMP2;vec4 _TMP1;float _TMP7;float _TMP9;float _TMP6;float _TMP4;float _TMP3;vec4 _TMP0;vec4 _TMP5;vec3 _TMP41;vec3 _v0046;vec3 _Hn0053;float _s0053;vec3 _DiffuseContrib0053;vec3 _SpecularContrib0053;vec3 _v0055;float _TMP64;float _TMP74;uniform vec3 lightColor;uniform vec3 ambientColor;uniform vec4 materialColor;uniform sampler2D diffuse;uniform sampler2D normal_map;uniform sampler2D specular_map;uniform sampler2D glow_map;void main()\n{vec3 _Ln1;vec3 _Vn1;vec3 _glowColor;vec3 _result;_TMP3=dot(tz_TexCoord[1].xyz,tz_TexCoord[1].xyz);_TMP4=inversesqrt(_TMP3);_Ln1=_TMP4*tz_TexCoord[1].xyz;_TMP3=dot(tz_TexCoord[2].xyz,tz_TexCoord[2].xyz);_TMP4=inversesqrt(_TMP3);_Vn1=_TMP4*tz_TexCoord[2].xyz;_TMP5=texture2D(normal_map,tz_TexCoord[0].xy);_v0046=2.0*_TMP5.xyz-1.0;_TMP3=dot(_v0046,_v0046);_TMP4=inversesqrt(_TMP3);_TMP41=_TMP4*_v0046;_TMP0=texture2D(specular_map,tz_TexCoord[0].xy);_v0055=_Vn1+_Ln1;_TMP3=dot(_v0055,_v0055);_TMP4=inversesqrt(_TMP3);_Hn0053=_TMP4*_v0055;_TMP6=dot(_Ln1,_TMP41);_TMP9=min(1.0,_TMP6);_TMP64=max(0.0,_TMP9);_TMP7=dot(_Hn0053,_TMP41);_TMP9=min(1.0,_TMP7);_TMP74=max(0.0,_TMP9);_s0053=pow(_TMP74,32.0);_DiffuseContrib0053=_TMP64*lightColor;_SpecularContrib0053=((float((_TMP64>0.0))*_s0053)*_TMP0.xyz)*lightColor;_TMP1=texture2D(diffuse,tz_TexCoord[0].xy);_TMP2=texture2D(glow_map,tz_TexCoord[0].xy);_glowColor=materialColor.xyz*_TMP2.xyz;_result=_SpecularContrib0053+_TMP1.xyz*(_DiffuseContrib0053+ambientColor)+_glowColor;_ret_0=vec4(_result.x,_result.y,_result.z,1.0);gl_FragColor=_ret_0;}"},"fp_normalmap_specularmap_alphatest":{"type": "fragment","code": "#ifdef GL_ES\n#define TZ_LOWP lowp\nprecision mediump float;\nprecision mediump int;\n#else\n#define TZ_LOWP\n#endif\nvarying vec4 tz_TexCoord[3];\nvec4 _ret_0;float _TMP6;float _TMP8;float _TMP5;float _TMP3;float _TMP2;vec4 _TMP1;vec4 _TMP4;vec4 _TMP0;vec3 _TMP42;vec3 _v0047;vec3 _Hn0054;float _s0054;vec3 _DiffuseContrib0054;vec3 _SpecularContrib0054;vec3 _v0056;float _TMP65;float _TMP75;uniform vec3 lightColor;uniform vec3 ambientColor;uniform vec4 materialColor;uniform float alphaRef;uniform sampler2D diffuse;uniform sampler2D normal_map;uniform sampler2D specular_map;void main()\n{vec4 _diffuseColor;vec3 _Ln1;vec3 _Vn1;vec3 _ks1;vec3 _result;_TMP0=texture2D(diffuse,tz_TexCoord[0].xy);_diffuseColor=materialColor*_TMP0;if(_diffuseColor.w<alphaRef){discard;}\n_TMP2=dot(tz_TexCoord[1].xyz,tz_TexCoord[1].xyz);_TMP3=inversesqrt(_TMP2);_Ln1=_TMP3*tz_TexCoord[1].xyz;_TMP2=dot(tz_TexCoord[2].xyz,tz_TexCoord[2].xyz);_TMP3=inversesqrt(_TMP2);_Vn1=_TMP3*tz_TexCoord[2].xyz;_TMP4=texture2D(normal_map,tz_TexCoord[0].xy);_v0047=2.0*_TMP4.xyz-1.0;_TMP2=dot(_v0047,_v0047);_TMP3=inversesqrt(_TMP2);_TMP42=_TMP3*_v0047;_TMP1=texture2D(specular_map,tz_TexCoord[0].xy);_ks1=materialColor.xyz*_TMP1.xyz;_v0056=_Vn1+_Ln1;_TMP2=dot(_v0056,_v0056);_TMP3=inversesqrt(_TMP2);_Hn0054=_TMP3*_v0056;_TMP5=dot(_Ln1,_TMP42);_TMP8=min(1.0,_TMP5);_TMP65=max(0.0,_TMP8);_TMP6=dot(_Hn0054,_TMP42);_TMP8=min(1.0,_TMP6);_TMP75=max(0.0,_TMP8);_s0054=pow(_TMP75,32.0);_DiffuseContrib0054=_TMP65*lightColor;_SpecularContrib0054=((float((_TMP65>0.0))*_s0054)*_ks1)*lightColor;_result=_SpecularContrib0054+_diffuseColor.xyz*(_DiffuseContrib0054+ambientColor);_ret_0=vec4(_result.x,_result.y,_result.z,_diffuseColor.w);gl_FragColor=_ret_0;}"},"fp_normalmap_alphatest":{"type": "fragment","code": "#ifdef GL_ES\n#define TZ_LOWP lowp\nprecision mediump float;\nprecision mediump int;\n#else\n#define TZ_LOWP\n#endif\nvarying vec4 tz_TexCoord[3];\nvec4 _ret_0;float _TMP5;float _TMP7;float _TMP4;float _TMP2;float _TMP1;vec4 _TMP3;vec4 _TMP0;vec3 _TMP41;vec3 _v0046;vec3 _Hn0051;float _s0051;vec3 _DiffuseContrib0051;vec3 _SpecularContrib0051;vec3 _v0053;float _TMP62;float _TMP72;uniform vec3 lightColor;uniform vec3 ambientColor;uniform vec4 materialColor;uniform float alphaRef;uniform sampler2D diffuse;uniform sampler2D normal_map;void main()\n{vec4 _diffuseColor;vec3 _Ln1;vec3 _Vn1;vec3 _result;_TMP0=texture2D(diffuse,tz_TexCoord[0].xy);_diffuseColor=materialColor*_TMP0;if(_diffuseColor.w<alphaRef){discard;}\n_TMP1=dot(tz_TexCoord[1].xyz,tz_TexCoord[1].xyz);_TMP2=inversesqrt(_TMP1);_Ln1=_TMP2*tz_TexCoord[1].xyz;_TMP1=dot(tz_TexCoord[2].xyz,tz_TexCoord[2].xyz);_TMP2=inversesqrt(_TMP1);_Vn1=_TMP2*tz_TexCoord[2].xyz;_TMP3=texture2D(normal_map,tz_TexCoord[0].xy);_v0046=2.0*_TMP3.xyz-1.0;_TMP1=dot(_v0046,_v0046);_TMP2=inversesqrt(_TMP1);_TMP41=_TMP2*_v0046;_v0053=_Vn1+_Ln1;_TMP1=dot(_v0053,_v0053);_TMP2=inversesqrt(_TMP1);_Hn0051=_TMP2*_v0053;_TMP4=dot(_Ln1,_TMP41);_TMP7=min(1.0,_TMP4);_TMP62=max(0.0,_TMP7);_TMP5=dot(_Hn0051,_TMP41);_TMP7=min(1.0,_TMP5);_TMP72=max(0.0,_TMP7);_s0051=pow(_TMP72,32.0);_DiffuseContrib0051=_TMP62*lightColor;_SpecularContrib0051=(float((_TMP62>0.0))*_s0051*0.5)*lightColor;_result=_SpecularContrib0051+_diffuseColor.xyz*(_DiffuseContrib0051+ambientColor);_ret_0=vec4(_result.x,_result.y,_result.z,_diffuseColor.w);gl_FragColor=_ret_0;}"},"fp_normalmap_specularmap":{"type": "fragment","code": "#ifdef GL_ES\n#define TZ_LOWP lowp\nprecision mediump float;\nprecision mediump int;\n#else\n#define TZ_LOWP\n#endif\nvarying vec4 tz_TexCoord[3];\nvec4 _ret_0;vec4 _TMP1;float _TMP6;float _TMP8;float _TMP5;float _TMP3;float _TMP2;vec4 _TMP0;vec4 _TMP4;vec3 _TMP40;vec3 _v0045;vec3 _Hn0052;float _s0052;vec3 _DiffuseContrib0052;vec3 _SpecularContrib0052;vec3 _v0054;float _TMP63;float _TMP73;uniform vec3 lightColor;uniform vec3 ambientColor;uniform vec4 materialColor;uniform sampler2D diffuse;uniform sampler2D normal_map;uniform sampler2D specular_map;void main()\n{vec3 _Ln1;vec3 _Vn1;vec3 _ks1;vec4 _diffuseColor;vec3 _result;_TMP2=dot(tz_TexCoord[1].xyz,tz_TexCoord[1].xyz);_TMP3=inversesqrt(_TMP2);_Ln1=_TMP3*tz_TexCoord[1].xyz;_TMP2=dot(tz_TexCoord[2].xyz,tz_TexCoord[2].xyz);_TMP3=inversesqrt(_TMP2);_Vn1=_TMP3*tz_TexCoord[2].xyz;_TMP4=texture2D(normal_map,tz_TexCoord[0].xy);_v0045=2.0*_TMP4.xyz-1.0;_TMP2=dot(_v0045,_v0045);_TMP3=inversesqrt(_TMP2);_TMP40=_TMP3*_v0045;_TMP0=texture2D(specular_map,tz_TexCoord[0].xy);_ks1=materialColor.xyz*_TMP0.xyz;_v0054=_Vn1+_Ln1;_TMP2=dot(_v0054,_v0054);_TMP3=inversesqrt(_TMP2);_Hn0052=_TMP3*_v0054;_TMP5=dot(_Ln1,_TMP40);_TMP8=min(1.0,_TMP5);_TMP63=max(0.0,_TMP8);_TMP6=dot(_Hn0052,_TMP40);_TMP8=min(1.0,_TMP6);_TMP73=max(0.0,_TMP8);_s0052=pow(_TMP73,32.0);_DiffuseContrib0052=_TMP63*lightColor;_SpecularContrib0052=((float((_TMP63>0.0))*_s0052)*_ks1)*lightColor;_TMP1=texture2D(diffuse,tz_TexCoord[0].xy);_diffuseColor=materialColor*_TMP1;_result=_SpecularContrib0052+_diffuseColor.xyz*(_DiffuseContrib0052+ambientColor);_ret_0=vec4(_result.x,_result.y,_result.z,_diffuseColor.w);gl_FragColor=_ret_0;}"},"fp_normalmap":{"type": "fragment","code": "#ifdef GL_ES\n#define TZ_LOWP lowp\nprecision mediump float;\nprecision mediump int;\n#else\n#define TZ_LOWP\n#endif\nvarying vec4 tz_TexCoord[3];\nvec4 _ret_0;vec4 _TMP0;float _TMP5;float _TMP7;float _TMP4;float _TMP2;float _TMP1;vec4 _TMP3;vec3 _TMP39;vec3 _v0044;vec3 _Hn0049;float _s0049;vec3 _DiffuseContrib0049;vec3 _SpecularContrib0049;vec3 _v0051;float _TMP60;float _TMP70;uniform vec3 lightColor;uniform vec3 ambientColor;uniform vec4 materialColor;uniform sampler2D diffuse;uniform sampler2D normal_map;void main()\n{vec3 _Ln1;vec3 _Vn1;vec4 _diffuseColor;vec3 _result;_TMP1=dot(tz_TexCoord[1].xyz,tz_TexCoord[1].xyz);_TMP2=inversesqrt(_TMP1);_Ln1=_TMP2*tz_TexCoord[1].xyz;_TMP1=dot(tz_TexCoord[2].xyz,tz_TexCoord[2].xyz);_TMP2=inversesqrt(_TMP1);_Vn1=_TMP2*tz_TexCoord[2].xyz;_TMP3=texture2D(normal_map,tz_TexCoord[0].xy);_v0044=2.0*_TMP3.xyz-1.0;_TMP1=dot(_v0044,_v0044);_TMP2=inversesqrt(_TMP1);_TMP39=_TMP2*_v0044;_v0051=_Vn1+_Ln1;_TMP1=dot(_v0051,_v0051);_TMP2=inversesqrt(_TMP1);_Hn0049=_TMP2*_v0051;_TMP4=dot(_Ln1,_TMP39);_TMP7=min(1.0,_TMP4);_TMP60=max(0.0,_TMP7);_TMP5=dot(_Hn0049,_TMP39);_TMP7=min(1.0,_TMP5);_TMP70=max(0.0,_TMP7);_s0049=pow(_TMP70,32.0);_DiffuseContrib0049=_TMP60*lightColor;_SpecularContrib0049=(float((_TMP60>0.0))*_s0049*0.5)*lightColor;_TMP0=texture2D(diffuse,tz_TexCoord[0].xy);_diffuseColor=materialColor*_TMP0;_result=_SpecularContrib0049+_diffuseColor.xyz*(_DiffuseContrib0049+ambientColor);_ret_0=vec4(_result.x,_result.y,_result.z,_diffuseColor.w);gl_FragColor=_ret_0;}"},"fp_normalmap_specularmap_alphamap":{"type": "fragment","code": "#ifdef GL_ES\n#define TZ_LOWP lowp\nprecision mediump float;\nprecision mediump int;\n#else\n#define TZ_LOWP\n#endif\nvarying vec4 tz_TexCoord[3];\nvec4 _ret_0;vec4 _TMP2;float _TMP7;float _TMP9;float _TMP6;float _TMP4;float _TMP3;vec4 _TMP1;vec4 _TMP5;vec4 _TMP0;vec3 _TMP43;vec3 _v0048;vec3 _Hn0055;float _s0055;vec3 _DiffuseContrib0055;vec3 _SpecularContrib0055;vec3 _v0057;float _TMP66;float _TMP76;uniform vec3 lightColor;uniform vec3 ambientColor;uniform vec4 materialColor;uniform float alphaRef;uniform sampler2D diffuse;uniform sampler2D normal_map;uniform sampler2D specular_map;uniform sampler2D alpha_map;void main()\n{float _alpha;vec3 _Ln1;vec3 _Vn1;vec3 _ks1;vec3 _diffuseColor;vec3 _result;_TMP0=texture2D(alpha_map,tz_TexCoord[0].xy);_alpha=materialColor.w*_TMP0.w;if(_alpha<alphaRef){discard;}\n_TMP3=dot(tz_TexCoord[1].xyz,tz_TexCoord[1].xyz);_TMP4=inversesqrt(_TMP3);_Ln1=_TMP4*tz_TexCoord[1].xyz;_TMP3=dot(tz_TexCoord[2].xyz,tz_TexCoord[2].xyz);_TMP4=inversesqrt(_TMP3);_Vn1=_TMP4*tz_TexCoord[2].xyz;_TMP5=texture2D(normal_map,tz_TexCoord[0].xy);_v0048=2.0*_TMP5.xyz-1.0;_TMP3=dot(_v0048,_v0048);_TMP4=inversesqrt(_TMP3);_TMP43=_TMP4*_v0048;_TMP1=texture2D(specular_map,tz_TexCoord[0].xy);_ks1=materialColor.xyz*_TMP1.xyz;_v0057=_Vn1+_Ln1;_TMP3=dot(_v0057,_v0057);_TMP4=inversesqrt(_TMP3);_Hn0055=_TMP4*_v0057;_TMP6=dot(_Ln1,_TMP43);_TMP9=min(1.0,_TMP6);_TMP66=max(0.0,_TMP9);_TMP7=dot(_Hn0055,_TMP43);_TMP9=min(1.0,_TMP7);_TMP76=max(0.0,_TMP9);_s0055=pow(_TMP76,32.0);_DiffuseContrib0055=_TMP66*lightColor;_SpecularContrib0055=((float((_TMP66>0.0))*_s0055)*_ks1)*lightColor;_TMP2=texture2D(diffuse,tz_TexCoord[0].xy);_diffuseColor=materialColor.xyz*_TMP2.xyz;_result=_SpecularContrib0055+_diffuseColor*(_DiffuseContrib0055+ambientColor);_ret_0=vec4(_result.x,_result.y,_result.z,_alpha);gl_FragColor=_ret_0;}"},"fp_normal":{"type": "fragment","code": "#ifdef GL_ES\n#define TZ_LOWP lowp\nprecision mediump float;\nprecision mediump int;\n#else\n#define TZ_LOWP\n#endif\nvarying vec4 tz_TexCoord[1];\nvec4 _ret_0;vec4 _TMP0;uniform vec4 materialColor;uniform sampler2D diffuse;void main()\n{_TMP0=texture2D(diffuse,tz_TexCoord[0].xy);_ret_0=materialColor*_TMP0;gl_FragColor=_ret_0;}"},"vp_nolight_skinned":{"type": "vertex","code": "#ifdef GL_ES\n#define TZ_LOWP lowp\nprecision mediump float;\nprecision mediump int;\n#else\n#define TZ_LOWP\n#endif\nvarying vec4 tz_TexCoord[1];attribute vec4 ATTR0;attribute vec4 ATTR8;\nvec4 _OUTPosition1;vec2 _OUTUV1;vec4 _indices0020;ivec4 _Indices0020;vec4 _skinMatrix0020[3];attribute vec4 ATTR7;attribute vec4 ATTR1;uniform vec4 skinBones[225];uniform vec2 uvTransform[3];uniform vec4 worldViewProjection[4];void main()\n{vec4 _skinTempPosition;vec3 _Position;_indices0020=ATTR7*3.0;_Indices0020=ivec4(int(_indices0020.x),int(_indices0020.y),int(_indices0020.z),int(_indices0020.w));_skinMatrix0020[0]=ATTR1.x*skinBones[_Indices0020.x];_skinMatrix0020[1]=ATTR1.x*skinBones[(_Indices0020.x+1)];_skinMatrix0020[2]=ATTR1.x*skinBones[(_Indices0020.x+2)];_skinMatrix0020[0]=_skinMatrix0020[0]+ATTR1.y*skinBones[_Indices0020.y];_skinMatrix0020[1]=_skinMatrix0020[1]+ATTR1.y*skinBones[(_Indices0020.y+1)];_skinMatrix0020[2]=_skinMatrix0020[2]+ATTR1.y*skinBones[(_Indices0020.y+2)];_skinMatrix0020[0]=_skinMatrix0020[0]+ATTR1.z*skinBones[_Indices0020.z];_skinMatrix0020[1]=_skinMatrix0020[1]+ATTR1.z*skinBones[(_Indices0020.z+1)];_skinMatrix0020[2]=_skinMatrix0020[2]+ATTR1.z*skinBones[(_Indices0020.z+2)];_skinMatrix0020[0]=_skinMatrix0020[0]+ATTR1.w*skinBones[_Indices0020.w];_skinMatrix0020[1]=_skinMatrix0020[1]+ATTR1.w*skinBones[(_Indices0020.w+1)];_skinMatrix0020[2]=_skinMatrix0020[2]+ATTR1.w*skinBones[(_Indices0020.w+2)];_skinTempPosition=vec4(ATTR0.x,ATTR0.y,ATTR0.z,1.0);_Position.x=dot(_skinTempPosition,_skinMatrix0020[0]);_Position.y=dot(_skinTempPosition,_skinMatrix0020[1]);_Position.z=dot(_skinTempPosition,_skinMatrix0020[2]);_OUTPosition1=_Position.xxxx*worldViewProjection[0]+_Position.yyyy*worldViewProjection[1]+_Position.zzzz*worldViewProjection[2]+worldViewProjection[3];_OUTUV1=ATTR8.xx*uvTransform[0]+ATTR8.yy*uvTransform[1]+uvTransform[2];tz_TexCoord[0].xy=_OUTUV1;gl_Position=_OUTPosition1;}"},"vp_nolight":{"type": "vertex","code": "#ifdef GL_ES\n#define TZ_LOWP lowp\nprecision mediump float;\nprecision mediump int;\n#else\n#define TZ_LOWP\n#endif\nvarying vec4 tz_TexCoord[1];attribute vec4 ATTR0;attribute vec4 ATTR8;\nvec4 _OUTPosition1;vec2 _OUTUV1;uniform vec2 uvTransform[3];uniform vec4 worldViewProjection[4];void main()\n{_OUTPosition1=ATTR0.xxxx*worldViewProjection[0]+ATTR0.yyyy*worldViewProjection[1]+ATTR0.zzzz*worldViewProjection[2]+worldViewProjection[3];_OUTUV1=ATTR8.xx*uvTransform[0]+ATTR8.yy*uvTransform[1]+uvTransform[2];tz_TexCoord[0].xy=_OUTUV1;gl_Position=_OUTPosition1;}"},"fp_separatealpha_env":{"type": "fragment","code": "#ifdef GL_ES\n#define TZ_LOWP lowp\nprecision mediump float;\nprecision mediump int;\n#else\n#define TZ_LOWP\n#endif\nvarying vec4 tz_TexCoord[3];\nvec4 _ret_0;vec4 _TMP3;vec3 _TMP2;vec3 _TMP1;float _TMP6;float _TMP5;float _TMP4;vec4 _TMP0;uniform vec4 materialColor;uniform sampler2D alpha_map;uniform samplerCube env_map;void main()\n{float _alpha;vec3 _R;_TMP0=texture2D(alpha_map,tz_TexCoord[0].xy);_alpha=materialColor.w*_TMP0.w;_TMP4=dot(tz_TexCoord[2].xyz,tz_TexCoord[2].xyz);_TMP5=inversesqrt(_TMP4);_TMP1=_TMP5*tz_TexCoord[2].xyz;_TMP4=dot(tz_TexCoord[1].xyz,tz_TexCoord[1].xyz);_TMP5=inversesqrt(_TMP4);_TMP2=_TMP5*tz_TexCoord[1].xyz;_TMP6=dot(_TMP2,_TMP1);_R=_TMP1-(2.0*_TMP2)*_TMP6;_TMP3=textureCube(env_map,_R);_ret_0=(materialColor*_TMP3)*_alpha;gl_FragColor=_ret_0;}"},"vp_glass_env":{"type": "vertex","code": "#ifdef GL_ES\n#define TZ_LOWP lowp\nprecision mediump float;\nprecision mediump int;\n#else\n#define TZ_LOWP\n#endif\nvarying vec4 tz_TexCoord[3];attribute vec4 ATTR0;attribute vec3 ATTR2;attribute vec4 ATTR8;\nvec4 _OUTPosition1;vec3 _OUTNormal1;vec2 _OUTUV1;vec3 _OUTEyeDirection1;vec3 _n0025;uniform vec2 uvTransform[3];uniform vec4 worldViewProjection[4];uniform vec3 worldInverseTranspose[3];uniform vec3 eyePosition;void main()\n{_OUTPosition1=ATTR0.xxxx*worldViewProjection[0]+ATTR0.yyyy*worldViewProjection[1]+ATTR0.zzzz*worldViewProjection[2]+worldViewProjection[3];_OUTUV1=ATTR8.xx*uvTransform[0]+ATTR8.yy*uvTransform[1]+uvTransform[2];_OUTNormal1=ATTR2.xxx*worldInverseTranspose[0]+ATTR2.yyy*worldInverseTranspose[1]+ATTR2.zzz*worldInverseTranspose[2];_n0025=ATTR0.xyz-eyePosition;_OUTEyeDirection1=_n0025.xxx*worldInverseTranspose[0]+_n0025.yyy*worldInverseTranspose[1]+_n0025.zzz*worldInverseTranspose[2];tz_TexCoord[2].xyz=_OUTEyeDirection1;tz_TexCoord[0].xy=_OUTUV1;tz_TexCoord[1].xyz=_OUTNormal1;gl_Position=_OUTPosition1;}"},"fp_separatealpha":{"type": "fragment","code": "#ifdef GL_ES\n#define TZ_LOWP lowp\nprecision mediump float;\nprecision mediump int;\n#else\n#define TZ_LOWP\n#endif\nvarying vec4 tz_TexCoord[1];\nvec4 _ret_0;vec4 _TMP1;vec4 _TMP0;uniform vec4 materialColor;uniform sampler2D diffuse;uniform sampler2D alpha_map;void main()\n{float _alpha;_TMP0=texture2D(alpha_map,tz_TexCoord[0].xy);_alpha=materialColor.w*_TMP0.w;_TMP1=texture2D(diffuse,tz_TexCoord[0].xy);_ret_0=(materialColor*_TMP1)*_alpha;gl_FragColor=_ret_0;}"},"fp_premodulatealpha_vertexcolor":{"type": "fragment","code": "#ifdef GL_ES\n#define TZ_LOWP lowp\nprecision mediump float;\nprecision mediump int;\n#else\n#define TZ_LOWP\n#endif\nvarying TZ_LOWP vec4 tz_Color;varying vec4 tz_TexCoord[1];\nvec4 _TMP0;uniform sampler2D diffuse;void main()\n{vec4 _color;_TMP0=texture2D(diffuse,tz_TexCoord[0].xy);_color=tz_Color*_TMP0;_color.xyz=_color.xyz*tz_Color.w;gl_FragColor=_color;}"},"vp_nolight_vertexcolor":{"type": "vertex","code": "#ifdef GL_ES\n#define TZ_LOWP lowp\nprecision mediump float;\nprecision mediump int;\n#else\n#define TZ_LOWP\n#endif\nvarying TZ_LOWP vec4 tz_Color;varying vec4 tz_TexCoord[1];attribute vec4 ATTR0;attribute vec4 ATTR3;attribute vec4 ATTR8;\nvec4 _OUTColor1;vec4 _OUTPosition1;vec2 _OUTUV1;uniform vec2 uvTransform[3];uniform vec4 worldViewProjection[4];uniform vec4 materialColor;void main()\n{vec3 _TMP18;_OUTPosition1=ATTR0.xxxx*worldViewProjection[0]+ATTR0.yyyy*worldViewProjection[1]+ATTR0.zzzz*worldViewProjection[2]+worldViewProjection[3];_TMP18=ATTR3.xyz*materialColor.xyz;_OUTColor1=vec4(_TMP18.x,_TMP18.y,_TMP18.z,ATTR3.w);_OUTUV1=ATTR8.xx*uvTransform[0]+ATTR8.yy*uvTransform[1]+uvTransform[2];tz_TexCoord[0].xy=_OUTUV1;gl_Position=_OUTPosition1;tz_Color=_OUTColor1;}"},"fp_premodulatealpha":{"type": "fragment","code": "#ifdef GL_ES\n#define TZ_LOWP lowp\nprecision mediump float;\nprecision mediump int;\n#else\n#define TZ_LOWP\n#endif\nvarying vec4 tz_TexCoord[1];\nvec4 _TMP0;uniform vec4 materialColor;uniform sampler2D diffuse;void main()\n{vec4 _color;_TMP0=texture2D(diffuse,tz_TexCoord[0].xy);_color=materialColor*_TMP0;_color.xyz=_color.xyz*materialColor.w;gl_FragColor=_color;}"},"fp_translucent_vertexcolor":{"type": "fragment","code": "#ifdef GL_ES\n#define TZ_LOWP lowp\nprecision mediump float;\nprecision mediump int;\n#else\n#define TZ_LOWP\n#endif\nvarying TZ_LOWP vec4 tz_Color;varying vec4 tz_TexCoord[1];\nvec4 _ret_0;vec4 _TMP0;uniform sampler2D diffuse;void main()\n{vec3 _TMP19;_TMP0=texture2D(diffuse,tz_TexCoord[0].xy);_TMP19=_TMP0.xyz*tz_Color.xyz;_ret_0=vec4(_TMP19.x,_TMP19.y,_TMP19.z,1.0);gl_FragColor=_ret_0;}"},"fp_translucent":{"type": "fragment","code": "#ifdef GL_ES\n#define TZ_LOWP lowp\nprecision mediump float;\nprecision mediump int;\n#else\n#define TZ_LOWP\n#endif\nvarying vec4 tz_TexCoord[1];\nvec4 _ret_0;vec4 _TMP0;uniform vec4 materialColor;uniform sampler2D diffuse;void main()\n{vec3 _TMP19;_TMP0=texture2D(diffuse,tz_TexCoord[0].xy);_TMP19=_TMP0.xyz*materialColor.xyz;_ret_0=vec4(_TMP19.x,_TMP19.y,_TMP19.z,1.0);gl_FragColor=_ret_0;}"},"fp_normal_vertexcolor":{"type": "fragment","code": "#ifdef GL_ES\n#define TZ_LOWP lowp\nprecision mediump float;\nprecision mediump int;\n#else\n#define TZ_LOWP\n#endif\nvarying TZ_LOWP vec4 tz_Color;varying vec4 tz_TexCoord[1];\nvec4 _ret_0;vec4 _TMP0;uniform sampler2D diffuse;void main()\n{_TMP0=texture2D(diffuse,tz_TexCoord[0].xy);_ret_0=tz_Color*_TMP0;gl_FragColor=_ret_0;}"},"fp_phong":{"type": "fragment","code": "#ifdef GL_ES\n#define TZ_LOWP lowp\nprecision mediump float;\nprecision mediump int;\n#else\n#define TZ_LOWP\n#endif\nvarying vec4 tz_TexCoord[4];\nvec4 _ret_0;vec4 _TMP0;float _TMP4;float _TMP7;float _TMP3;float _TMP6;float _TMP2;float _TMP1;vec3 _R0045;float _s0045;vec3 _DiffuseContrib0045;vec3 _SpecularContrib0045;vec3 _i0047;float _TMP54;float _TMP64;uniform vec3 lightColor;uniform vec3 ambientColor;uniform sampler2D diffuse;void main()\n{vec3 _Nn1;vec3 _Ln1;vec3 _Vn1;vec3 _result;_TMP1=dot(tz_TexCoord[1].xyz,tz_TexCoord[1].xyz);_TMP2=inversesqrt(_TMP1);_Nn1=_TMP2*tz_TexCoord[1].xyz;_TMP1=dot(tz_TexCoord[2].xyz,tz_TexCoord[2].xyz);_TMP2=inversesqrt(_TMP1);_Ln1=_TMP2*tz_TexCoord[2].xyz;_TMP1=dot(tz_TexCoord[3].xyz,tz_TexCoord[3].xyz);_TMP2=inversesqrt(_TMP1);_Vn1=_TMP2*tz_TexCoord[3].xyz;_i0047=-_Ln1;_TMP6=dot(_Nn1,_i0047);_R0045=_i0047-(2.0*_Nn1)*_TMP6;_TMP3=dot(_Ln1,_Nn1);_TMP7=min(1.0,_TMP3);_TMP54=max(0.0,_TMP7);_TMP4=dot(_R0045,_Vn1);_TMP7=min(1.0,_TMP4);_TMP64=max(0.0,_TMP7);_s0045=pow(_TMP64,32.0);_DiffuseContrib0045=_TMP54*lightColor;_SpecularContrib0045=(float((_TMP54>0.0))*_s0045*0.5)*lightColor;_TMP0=texture2D(diffuse,tz_TexCoord[0].xy);_result=_SpecularContrib0045+_TMP0.xyz*(_DiffuseContrib0045+ambientColor);_ret_0=vec4(_result.x,_result.y,_result.z,1.0);gl_FragColor=_ret_0;}"},"vp_blinn_skinned":{"type": "vertex","code": "#ifdef GL_ES\n#define TZ_LOWP lowp\nprecision mediump float;\nprecision mediump int;\n#else\n#define TZ_LOWP\n#endif\nvarying vec4 tz_TexCoord[4];attribute vec4 ATTR0;attribute vec3 ATTR2;attribute vec4 ATTR8;\nvec4 _OUTPosition1;vec3 _OUTNormal1;vec3 _OUTView1;vec2 _OUTUV1;vec3 _OUTLight1;float _TMP1;float _TMP0;vec4 _indices0022;ivec4 _Indices0022;vec4 _skinMatrix0022[3];vec3 _v0046;vec3 _v0052;attribute vec4 ATTR7;attribute vec4 ATTR1;vec3 _TMP57;vec3 _TMP58;vec3 _TMP59;uniform vec4 skinBones[225];uniform vec2 uvTransform[3];uniform vec4 worldViewProjection[4];uniform vec3 eyePosition;uniform vec3 lightPosition;void main()\n{vec4 _skinTempPosition;vec3 _Position;vec3 _Normal;_indices0022=ATTR7*3.0;_Indices0022=ivec4(int(_indices0022.x),int(_indices0022.y),int(_indices0022.z),int(_indices0022.w));_skinMatrix0022[0]=ATTR1.x*skinBones[_Indices0022.x];_skinMatrix0022[1]=ATTR1.x*skinBones[(_Indices0022.x+1)];_skinMatrix0022[2]=ATTR1.x*skinBones[(_Indices0022.x+2)];_skinMatrix0022[0]=_skinMatrix0022[0]+ATTR1.y*skinBones[_Indices0022.y];_skinMatrix0022[1]=_skinMatrix0022[1]+ATTR1.y*skinBones[(_Indices0022.y+1)];_skinMatrix0022[2]=_skinMatrix0022[2]+ATTR1.y*skinBones[(_Indices0022.y+2)];_skinMatrix0022[0]=_skinMatrix0022[0]+ATTR1.z*skinBones[_Indices0022.z];_skinMatrix0022[1]=_skinMatrix0022[1]+ATTR1.z*skinBones[(_Indices0022.z+1)];_skinMatrix0022[2]=_skinMatrix0022[2]+ATTR1.z*skinBones[(_Indices0022.z+2)];_skinMatrix0022[0]=_skinMatrix0022[0]+ATTR1.w*skinBones[_Indices0022.w];_skinMatrix0022[1]=_skinMatrix0022[1]+ATTR1.w*skinBones[(_Indices0022.w+1)];_skinMatrix0022[2]=_skinMatrix0022[2]+ATTR1.w*skinBones[(_Indices0022.w+2)];_skinTempPosition=vec4(ATTR0.x,ATTR0.y,ATTR0.z,1.0);_Position.x=dot(_skinTempPosition,_skinMatrix0022[0]);_Position.y=dot(_skinTempPosition,_skinMatrix0022[1]);_Position.z=dot(_skinTempPosition,_skinMatrix0022[2]);_TMP57.x=_skinMatrix0022[0].x;_TMP57.y=_skinMatrix0022[0].y;_TMP57.z=_skinMatrix0022[0].z;_Normal.x=dot(ATTR2.xyz,_TMP57);_TMP58.x=_skinMatrix0022[1].x;_TMP58.y=_skinMatrix0022[1].y;_TMP58.z=_skinMatrix0022[1].z;_Normal.y=dot(ATTR2.xyz,_TMP58);_TMP59.x=_skinMatrix0022[2].x;_TMP59.y=_skinMatrix0022[2].y;_TMP59.z=_skinMatrix0022[2].z;_Normal.z=dot(ATTR2.xyz,_TMP59);_TMP0=dot(_Normal.xyz,_Normal.xyz);_TMP1=inversesqrt(_TMP0);_Normal.xyz=_TMP1*_Normal.xyz;_OUTPosition1=_Position.xxxx*worldViewProjection[0]+_Position.yyyy*worldViewProjection[1]+_Position.zzzz*worldViewProjection[2]+worldViewProjection[3];_OUTUV1=ATTR8.xx*uvTransform[0]+ATTR8.yy*uvTransform[1]+uvTransform[2];_OUTNormal1=_Normal;_v0046=lightPosition-_Position;_TMP0=dot(_v0046,_v0046);_TMP1=inversesqrt(_TMP0);_OUTLight1=_TMP1*_v0046;_v0052=eyePosition-_Position;_TMP0=dot(_v0052,_v0052);_TMP1=inversesqrt(_TMP0);_OUTView1=_TMP1*_v0052;tz_TexCoord[2].xyz=_OUTLight1;tz_TexCoord[0].xy=_OUTUV1;tz_TexCoord[3].xyz=_OUTView1;tz_TexCoord[1].xyz=_Normal;gl_Position=_OUTPosition1;}"},"vp_blinn":{"type": "vertex","code": "#ifdef GL_ES\n#define TZ_LOWP lowp\nprecision mediump float;\nprecision mediump int;\n#else\n#define TZ_LOWP\n#endif\nvarying vec4 tz_TexCoord[4];attribute vec4 ATTR0;attribute vec3 ATTR2;attribute vec4 ATTR8;\nvec4 _OUTPosition1;vec3 _OUTNormal1;vec3 _OUTView1;vec2 _OUTUV1;vec3 _OUTLight1;float _TMP1;float _TMP0;vec3 _v0025;vec3 _v0031;uniform vec2 uvTransform[3];uniform vec4 worldViewProjection[4];uniform vec3 eyePosition;uniform vec3 lightPosition;void main()\n{_OUTPosition1=ATTR0.xxxx*worldViewProjection[0]+ATTR0.yyyy*worldViewProjection[1]+ATTR0.zzzz*worldViewProjection[2]+worldViewProjection[3];_OUTUV1=ATTR8.xx*uvTransform[0]+ATTR8.yy*uvTransform[1]+uvTransform[2];_OUTNormal1=ATTR2;_v0025=lightPosition-ATTR0.xyz;_TMP0=dot(_v0025,_v0025);_TMP1=inversesqrt(_TMP0);_OUTLight1=_TMP1*_v0025;_v0031=eyePosition-ATTR0.xyz;_TMP0=dot(_v0031,_v0031);_TMP1=inversesqrt(_TMP0);_OUTView1=_TMP1*_v0031;tz_TexCoord[2].xyz=_OUTLight1;tz_TexCoord[0].xy=_OUTUV1;tz_TexCoord[3].xyz=_OUTView1;tz_TexCoord[1].xyz=ATTR2;gl_Position=_OUTPosition1;}"},"fp_blinn":{"type": "fragment","code": "#ifdef GL_ES\n#define TZ_LOWP lowp\nprecision mediump float;\nprecision mediump int;\n#else\n#define TZ_LOWP\n#endif\nvarying vec4 tz_TexCoord[4];\nvec4 _ret_0;vec4 _TMP0;float _TMP4;float _TMP6;float _TMP3;float _TMP2;float _TMP1;vec3 _Hn0044;float _s0044;vec3 _DiffuseContrib0044;vec3 _SpecularContrib0044;vec3 _v0046;float _TMP55;float _TMP65;uniform vec3 lightColor;uniform vec3 ambientColor;uniform vec4 materialColor;uniform sampler2D diffuse;void main()\n{vec3 _Nn1;vec3 _Ln1;vec3 _Vn1;vec4 _diffuseColor;vec3 _result;_TMP1=dot(tz_TexCoord[1].xyz,tz_TexCoord[1].xyz);_TMP2=inversesqrt(_TMP1);_Nn1=_TMP2*tz_TexCoord[1].xyz;_TMP1=dot(tz_TexCoord[2].xyz,tz_TexCoord[2].xyz);_TMP2=inversesqrt(_TMP1);_Ln1=_TMP2*tz_TexCoord[2].xyz;_TMP1=dot(tz_TexCoord[3].xyz,tz_TexCoord[3].xyz);_TMP2=inversesqrt(_TMP1);_Vn1=_TMP2*tz_TexCoord[3].xyz;_v0046=_Vn1+_Ln1;_TMP1=dot(_v0046,_v0046);_TMP2=inversesqrt(_TMP1);_Hn0044=_TMP2*_v0046;_TMP3=dot(_Ln1,_Nn1);_TMP6=min(1.0,_TMP3);_TMP55=max(0.0,_TMP6);_TMP4=dot(_Hn0044,_Nn1);_TMP6=min(1.0,_TMP4);_TMP65=max(0.0,_TMP6);_s0044=pow(_TMP65,32.0);_DiffuseContrib0044=_TMP55*lightColor;_SpecularContrib0044=(float((_TMP55>0.0))*_s0044*0.5)*lightColor;_TMP0=texture2D(diffuse,tz_TexCoord[0].xy);_diffuseColor=materialColor*_TMP0;_result=_SpecularContrib0044+_diffuseColor.xyz*(_DiffuseContrib0044+ambientColor);_ret_0=vec4(_result.x,_result.y,_result.z,_diffuseColor.w);gl_FragColor=_ret_0;}"},"fp_lambert":{"type": "fragment","code": "#ifdef GL_ES\n#define TZ_LOWP lowp\nprecision mediump float;\nprecision mediump int;\n#else\n#define TZ_LOWP\n#endif\nvarying TZ_LOWP vec4 tz_Color;varying vec4 tz_TexCoord[1];\nvec4 _ret_0;vec4 _TMP0;uniform sampler2D diffuse;void main()\n{_TMP0=texture2D(diffuse,tz_TexCoord[0].xy);_ret_0=tz_Color*_TMP0;gl_FragColor=_ret_0;}"},"vp_lambert_skinned":{"type": "vertex","code": "#ifdef GL_ES\n#define TZ_LOWP lowp\nprecision mediump float;\nprecision mediump int;\n#else\n#define TZ_LOWP\n#endif\nvarying TZ_LOWP vec4 tz_Color;varying vec4 tz_TexCoord[1];attribute vec4 ATTR0;attribute vec3 ATTR2;attribute vec4 ATTR8;\nvec4 _OUTColor1;vec4 _OUTPosition1;vec2 _OUTUV1;float _TMP0;float _TMP4;float _TMP3;float _TMP2;vec4 _indices0026;ivec4 _Indices0026;vec4 _skinMatrix0026[3];vec3 _v0048;float _TMP57;attribute vec4 ATTR7;attribute vec4 ATTR1;vec3 _TMP65;vec3 _TMP66;vec3 _TMP67;uniform vec4 skinBones[225];uniform vec2 uvTransform[3];uniform vec4 worldViewProjection[4];uniform vec3 lightPosition;uniform vec3 lightColor;uniform vec3 ambientColor;uniform vec4 materialColor;void main()\n{vec4 _skinTempPosition;vec3 _Position;vec3 _Normal;vec3 _lv;vec3 _color;vec3 _TMP23;_indices0026=ATTR7*3.0;_Indices0026=ivec4(int(_indices0026.x),int(_indices0026.y),int(_indices0026.z),int(_indices0026.w));_skinMatrix0026[0]=ATTR1.x*skinBones[_Indices0026.x];_skinMatrix0026[1]=ATTR1.x*skinBones[(_Indices0026.x+1)];_skinMatrix0026[2]=ATTR1.x*skinBones[(_Indices0026.x+2)];_skinMatrix0026[0]=_skinMatrix0026[0]+ATTR1.y*skinBones[_Indices0026.y];_skinMatrix0026[1]=_skinMatrix0026[1]+ATTR1.y*skinBones[(_Indices0026.y+1)];_skinMatrix0026[2]=_skinMatrix0026[2]+ATTR1.y*skinBones[(_Indices0026.y+2)];_skinMatrix0026[0]=_skinMatrix0026[0]+ATTR1.z*skinBones[_Indices0026.z];_skinMatrix0026[1]=_skinMatrix0026[1]+ATTR1.z*skinBones[(_Indices0026.z+1)];_skinMatrix0026[2]=_skinMatrix0026[2]+ATTR1.z*skinBones[(_Indices0026.z+2)];_skinMatrix0026[0]=_skinMatrix0026[0]+ATTR1.w*skinBones[_Indices0026.w];_skinMatrix0026[1]=_skinMatrix0026[1]+ATTR1.w*skinBones[(_Indices0026.w+1)];_skinMatrix0026[2]=_skinMatrix0026[2]+ATTR1.w*skinBones[(_Indices0026.w+2)];_skinTempPosition=vec4(ATTR0.x,ATTR0.y,ATTR0.z,1.0);_Position.x=dot(_skinTempPosition,_skinMatrix0026[0]);_Position.y=dot(_skinTempPosition,_skinMatrix0026[1]);_Position.z=dot(_skinTempPosition,_skinMatrix0026[2]);_TMP65.x=_skinMatrix0026[0].x;_TMP65.y=_skinMatrix0026[0].y;_TMP65.z=_skinMatrix0026[0].z;_Normal.x=dot(ATTR2.xyz,_TMP65);_TMP66.x=_skinMatrix0026[1].x;_TMP66.y=_skinMatrix0026[1].y;_TMP66.z=_skinMatrix0026[1].z;_Normal.y=dot(ATTR2.xyz,_TMP66);_TMP67.x=_skinMatrix0026[2].x;_TMP67.y=_skinMatrix0026[2].y;_TMP67.z=_skinMatrix0026[2].z;_Normal.z=dot(ATTR2.xyz,_TMP67);_TMP2=dot(_Normal,_Normal);_TMP3=inversesqrt(_TMP2);_Normal=_TMP3*_Normal;_OUTPosition1=_Position.xxxx*worldViewProjection[0]+_Position.yyyy*worldViewProjection[1]+_Position.zzzz*worldViewProjection[2]+worldViewProjection[3];_v0048=lightPosition-_Position;_TMP2=dot(_v0048,_v0048);_TMP3=inversesqrt(_TMP2);_lv=_TMP3*_v0048;_TMP0=dot(_Normal,_lv);_TMP4=min(1.0,_TMP0);_TMP57=max(0.0,_TMP4);_color=_TMP57*lightColor+ambientColor;_TMP23=_color*materialColor.xyz;_OUTColor1=vec4(_TMP23.x,_TMP23.y,_TMP23.z,materialColor.w);_OUTUV1=ATTR8.xx*uvTransform[0]+ATTR8.yy*uvTransform[1]+uvTransform[2];tz_TexCoord[0].xy=_OUTUV1;gl_Position=_OUTPosition1;tz_Color=_OUTColor1;}"},"vp_lambert":{"type": "vertex","code": "#ifdef GL_ES\n#define TZ_LOWP lowp\nprecision mediump float;\nprecision mediump int;\n#else\n#define TZ_LOWP\n#endif\nvarying TZ_LOWP vec4 tz_Color;varying vec4 tz_TexCoord[1];attribute vec4 ATTR0;attribute vec3 ATTR2;attribute vec4 ATTR8;\nvec4 _OUTColor1;vec4 _OUTPosition1;vec2 _OUTUV1;float _TMP0;float _TMP4;float _TMP3;float _TMP2;vec3 _v0027;float _TMP36;uniform vec2 uvTransform[3];uniform vec4 worldViewProjection[4];uniform vec3 lightPosition;uniform vec3 lightColor;uniform vec3 ambientColor;uniform vec4 materialColor;void main()\n{vec3 _lv;vec3 _color;vec3 _TMP23;_OUTPosition1=ATTR0.xxxx*worldViewProjection[0]+ATTR0.yyyy*worldViewProjection[1]+ATTR0.zzzz*worldViewProjection[2]+worldViewProjection[3];_v0027=lightPosition-ATTR0.xyz;_TMP2=dot(_v0027,_v0027);_TMP3=inversesqrt(_TMP2);_lv=_TMP3*_v0027;_TMP0=dot(ATTR2,_lv);_TMP4=min(1.0,_TMP0);_TMP36=max(0.0,_TMP4);_color=_TMP36*lightColor+ambientColor;_TMP23=_color*materialColor.xyz;_OUTColor1=vec4(_TMP23.x,_TMP23.y,_TMP23.z,materialColor.w);_OUTUV1=ATTR8.xx*uvTransform[0]+ATTR8.yy*uvTransform[1]+uvTransform[2];tz_TexCoord[0].xy=_OUTUV1;gl_Position=_OUTPosition1;tz_Color=_OUTColor1;}"},"fp_flat":{"type": "fragment","code": "#ifdef GL_ES\n#define TZ_LOWP lowp\nprecision mediump float;\nprecision mediump int;\n#else\n#define TZ_LOWP\n#endif\nvarying TZ_LOWP vec4 tz_Color;\nvoid main()\n{gl_FragColor=tz_Color;}"},"vp_flat_skinned":{"type": "vertex","code": "#ifdef GL_ES\n#define TZ_LOWP lowp\nprecision mediump float;\nprecision mediump int;\n#else\n#define TZ_LOWP\n#endif\nvarying TZ_LOWP vec4 tz_Color;attribute vec4 ATTR0;attribute vec3 ATTR2;\nvec4 _OUTColor1;vec4 _OUTPosition1;float _TMP0;float _TMP4;float _TMP3;float _TMP2;vec4 _indices0026;ivec4 _Indices0026;vec4 _skinMatrix0026[3];vec3 _v0048;float _TMP57;attribute vec4 ATTR7;attribute vec4 ATTR1;vec3 _TMP63;vec3 _TMP64;vec3 _TMP65;uniform vec4 skinBones[225];uniform vec4 worldViewProjection[4];uniform vec3 lightPosition;uniform vec3 lightColor;uniform vec3 ambientColor;uniform vec4 materialColor;void main()\n{vec4 _skinTempPosition;vec3 _Position;vec3 _Normal;vec3 _lv;vec3 _color;vec3 _TMP23;_indices0026=ATTR7*3.0;_Indices0026=ivec4(int(_indices0026.x),int(_indices0026.y),int(_indices0026.z),int(_indices0026.w));_skinMatrix0026[0]=ATTR1.x*skinBones[_Indices0026.x];_skinMatrix0026[1]=ATTR1.x*skinBones[(_Indices0026.x+1)];_skinMatrix0026[2]=ATTR1.x*skinBones[(_Indices0026.x+2)];_skinMatrix0026[0]=_skinMatrix0026[0]+ATTR1.y*skinBones[_Indices0026.y];_skinMatrix0026[1]=_skinMatrix0026[1]+ATTR1.y*skinBones[(_Indices0026.y+1)];_skinMatrix0026[2]=_skinMatrix0026[2]+ATTR1.y*skinBones[(_Indices0026.y+2)];_skinMatrix0026[0]=_skinMatrix0026[0]+ATTR1.z*skinBones[_Indices0026.z];_skinMatrix0026[1]=_skinMatrix0026[1]+ATTR1.z*skinBones[(_Indices0026.z+1)];_skinMatrix0026[2]=_skinMatrix0026[2]+ATTR1.z*skinBones[(_Indices0026.z+2)];_skinMatrix0026[0]=_skinMatrix0026[0]+ATTR1.w*skinBones[_Indices0026.w];_skinMatrix0026[1]=_skinMatrix0026[1]+ATTR1.w*skinBones[(_Indices0026.w+1)];_skinMatrix0026[2]=_skinMatrix0026[2]+ATTR1.w*skinBones[(_Indices0026.w+2)];_skinTempPosition=vec4(ATTR0.x,ATTR0.y,ATTR0.z,1.0);_Position.x=dot(_skinTempPosition,_skinMatrix0026[0]);_Position.y=dot(_skinTempPosition,_skinMatrix0026[1]);_Position.z=dot(_skinTempPosition,_skinMatrix0026[2]);_TMP63.x=_skinMatrix0026[0].x;_TMP63.y=_skinMatrix0026[0].y;_TMP63.z=_skinMatrix0026[0].z;_Normal.x=dot(ATTR2.xyz,_TMP63);_TMP64.x=_skinMatrix0026[1].x;_TMP64.y=_skinMatrix0026[1].y;_TMP64.z=_skinMatrix0026[1].z;_Normal.y=dot(ATTR2.xyz,_TMP64);_TMP65.x=_skinMatrix0026[2].x;_TMP65.y=_skinMatrix0026[2].y;_TMP65.z=_skinMatrix0026[2].z;_Normal.z=dot(ATTR2.xyz,_TMP65);_TMP2=dot(_Normal,_Normal);_TMP3=inversesqrt(_TMP2);_Normal=_TMP3*_Normal;_OUTPosition1=_Position.xxxx*worldViewProjection[0]+_Position.yyyy*worldViewProjection[1]+_Position.zzzz*worldViewProjection[2]+worldViewProjection[3];_v0048=lightPosition-_Position;_TMP2=dot(_v0048,_v0048);_TMP3=inversesqrt(_TMP2);_lv=_TMP3*_v0048;_TMP0=dot(_Normal,_lv);_TMP4=min(1.0,_TMP0);_TMP57=max(0.0,_TMP4);_color=_TMP57*lightColor+ambientColor;_TMP23=_color*materialColor.xyz;_OUTColor1=vec4(_TMP23.x,_TMP23.y,_TMP23.z,materialColor.w);gl_Position=_OUTPosition1;tz_Color=_OUTColor1;}"},"vp_flat":{"type": "vertex","code": "#ifdef GL_ES\n#define TZ_LOWP lowp\nprecision mediump float;\nprecision mediump int;\n#else\n#define TZ_LOWP\n#endif\nvarying TZ_LOWP vec4 tz_Color;attribute vec4 ATTR0;attribute vec3 ATTR2;\nvec4 _OUTColor1;vec4 _OUTPosition1;float _TMP0;float _TMP4;float _TMP3;float _TMP2;vec3 _v0027;float _TMP36;uniform vec4 worldViewProjection[4];uniform vec3 lightPosition;uniform vec3 lightColor;uniform vec3 ambientColor;uniform vec4 materialColor;void main()\n{vec3 _lv;vec3 _color;vec3 _TMP23;_OUTPosition1=ATTR0.xxxx*worldViewProjection[0]+ATTR0.yyyy*worldViewProjection[1]+ATTR0.zzzz*worldViewProjection[2]+worldViewProjection[3];_v0027=lightPosition-ATTR0.xyz;_TMP2=dot(_v0027,_v0027);_TMP3=inversesqrt(_TMP2);_lv=_TMP3*_v0027;_TMP0=dot(ATTR2,_lv);_TMP4=min(1.0,_TMP0);_TMP36=max(0.0,_TMP4);_color=_TMP36*lightColor+ambientColor;_TMP23=_color*materialColor.xyz;_OUTColor1=vec4(_TMP23.x,_TMP23.y,_TMP23.z,materialColor.w);gl_Position=_OUTPosition1;tz_Color=_OUTColor1;}"}}}