{"version": 1,"name": "deferredtransparent.cgfx","samplers":{"diffuse":{"MinFilter": 9985,"MagFilter": 9729,"WrapS": 10497,"WrapT": 10497,"MaxAnisotropy": 4},"alpha_map":{"MinFilter": 9985,"MagFilter": 9729,"WrapS": 10497,"WrapT": 10497,"MaxAnisotropy": 4},"env_map":{"MinFilter": 9985,"MagFilter": 9729,"WrapS": 33071,"WrapT": 33071,"WrapR": 33071}},"parameters":{"skinBones":{"type": "float","rows": 225,"columns": 4},"uvTransform":{"type": "float","rows": 3,"columns": 2,"values": [1,0,0,1,0,0]},"viewProjection":{"type": "float","rows": 4,"columns": 4},"world":{"type": "float","rows": 4,"columns": 3},"worldInverseTranspose":{"type": "float","rows": 3,"columns": 3},"eyePosition":{"type": "float","columns": 3},"materialColor":{"type": "float","columns": 4,"values": [1,1,1,1]},"uvscale":{"type": "float","columns": 2,"values": [1,1]},"diffuse":{"type": "sampler2D"},"alpha_map":{"type": "sampler2D"},"env_map":{"type": "samplerCUBE"}},"techniques":{"add":[{"parameters": ["uvTransform","viewProjection","world","materialColor","diffuse"],"semantics": ["ATTR0","ATTR8"],"states":{"DepthTestEnable": true,"DepthFunc": 515,"DepthMask": false,"CullFaceEnable": true,"CullFace": 1029,"BlendEnable": true,"BlendFunc": [1,1],"PolygonOffset": [-1,-1],"PolygonOffsetFillEnable": true},"programs": ["vp_nolight","fp_premodulatealpha"]}],"add_skinned":[{"parameters": ["skinBones","uvTransform","viewProjection","world","materialColor","diffuse"],"semantics": ["ATTR0","ATTR8","ATTR7","ATTR1"],"states":{"DepthTestEnable": true,"DepthFunc": 515,"DepthMask": false,"CullFaceEnable": true,"CullFace": 1029,"BlendEnable": true,"BlendFunc": [1,1],"PolygonOffset": [-1,-1],"PolygonOffsetFillEnable": true},"programs": ["vp_nolight_skinned","fp_premodulatealpha"]}],"add_particle":[{"parameters": ["uvTransform","viewProjection","world","materialColor","diffuse"],"semantics": ["ATTR0","ATTR8","ATTR3"],"states":{"DepthTestEnable": true,"DepthFunc": 515,"DepthMask": false,"CullFaceEnable": false,"BlendEnable": true,"BlendFunc": [1,1],"PolygonOffset": [-1,-1],"PolygonOffsetFillEnable": true},"programs": ["vp_nolight_vertexcolor","fp_premodulatealpha"]}],"blend":[{"parameters": ["uvTransform","viewProjection","world","materialColor","diffuse"],"semantics": ["ATTR0","ATTR8"],"states":{"DepthTestEnable": true,"DepthFunc": 515,"DepthMask": false,"CullFaceEnable": true,"CullFace": 1029,"BlendEnable": true,"BlendFunc": [770,771],"PolygonOffset": [-1,-1],"PolygonOffsetFillEnable": true},"programs": ["vp_nolight","fp_normal"]}],"blend_skinned":[{"parameters": ["skinBones","uvTransform","viewProjection","world","materialColor","diffuse"],"semantics": ["ATTR0","ATTR8","ATTR7","ATTR1"],"states":{"DepthTestEnable": true,"DepthFunc": 515,"DepthMask": false,"CullFaceEnable": true,"CullFace": 1029,"BlendEnable": true,"BlendFunc": [770,771],"PolygonOffset": [-1,-1],"PolygonOffsetFillEnable": true},"programs": ["vp_nolight_skinned","fp_normal"]}],"blend_particle":[{"parameters": ["uvTransform","viewProjection","world","materialColor","diffuse"],"semantics": ["ATTR0","ATTR8","ATTR3"],"states":{"DepthTestEnable": true,"DepthFunc": 515,"DepthMask": false,"CullFaceEnable": false,"BlendEnable": true,"BlendFunc": [770,771],"PolygonOffset": [-1,-1],"PolygonOffsetFillEnable": true},"programs": ["vp_nolight_vertexcolor","fp_normal"]}],"translucent":[{"parameters": ["uvTransform","viewProjection","world","materialColor","diffuse"],"semantics": ["ATTR0","ATTR8"],"states":{"DepthTestEnable": true,"DepthFunc": 515,"DepthMask": false,"CullFaceEnable": true,"CullFace": 1029,"BlendEnable": true,"BlendFunc": [1,1],"PolygonOffset": [-1,-1],"PolygonOffsetFillEnable": true},"programs": ["vp_nolight","fp_translucent"]}],"translucent_skinned":[{"parameters": ["skinBones","uvTransform","viewProjection","world","materialColor","diffuse"],"semantics": ["ATTR0","ATTR8","ATTR7","ATTR1"],"states":{"DepthTestEnable": true,"DepthFunc": 515,"DepthMask": false,"CullFaceEnable": true,"CullFace": 1029,"BlendEnable": true,"BlendFunc": [1,1],"PolygonOffset": [-1,-1],"PolygonOffsetFillEnable": true},"programs": ["vp_nolight_skinned","fp_translucent"]}],"translucent_particle":[{"parameters": ["uvTransform","viewProjection","world","materialColor","diffuse"],"semantics": ["ATTR0","ATTR8","ATTR3"],"states":{"DepthTestEnable": true,"DepthFunc": 515,"DepthMask": false,"CullFaceEnable": false,"BlendEnable": true,"BlendFunc": [1,1],"PolygonOffset": [-1,-1],"PolygonOffsetFillEnable": true},"programs": ["vp_nolight_vertexcolor","fp_translucent"]}],"filter":[{"parameters": ["uvTransform","viewProjection","world","materialColor","diffuse"],"semantics": ["ATTR0","ATTR8"],"states":{"DepthTestEnable": true,"DepthFunc": 515,"DepthMask": false,"CullFaceEnable": true,"CullFace": 1029,"BlendEnable": true,"BlendFunc": [774,0],"PolygonOffset": [-1,-1],"PolygonOffsetFillEnable": true},"programs": ["vp_nolight","fp_normal"]}],"filter_skinned":[{"parameters": ["skinBones","uvTransform","viewProjection","world","materialColor","diffuse"],"semantics": ["ATTR0","ATTR8","ATTR7","ATTR1"],"states":{"DepthTestEnable": true,"DepthFunc": 515,"DepthMask": false,"CullFaceEnable": true,"CullFace": 1029,"BlendEnable": true,"BlendFunc": [774,0],"PolygonOffset": [-1,-1],"PolygonOffsetFillEnable": true},"programs": ["vp_nolight_skinned","fp_normal"]}],"invfilter":[{"parameters": ["uvTransform","viewProjection","world","materialColor","diffuse"],"semantics": ["ATTR0","ATTR8"],"states":{"DepthTestEnable": true,"DepthFunc": 515,"DepthMask": false,"CullFaceEnable": true,"CullFace": 1029,"BlendEnable": true,"BlendFunc": [0,769],"PolygonOffset": [-1,-1],"PolygonOffsetFillEnable": true},"programs": ["vp_nolight","fp_premodulatealpha"]}],"invfilter_particle":[{"parameters": ["uvTransform","viewProjection","world","materialColor","diffuse"],"semantics": ["ATTR0","ATTR8","ATTR3"],"states":{"DepthTestEnable": true,"DepthFunc": 515,"DepthMask": false,"CullFaceEnable": false,"BlendEnable": true,"BlendFunc": [0,769],"PolygonOffset": [-1,-1],"PolygonOffsetFillEnable": true},"programs": ["vp_nolight_vertexcolor","fp_premodulatealpha"]}],"glass":[{"parameters": ["uvTransform","viewProjection","world","materialColor","diffuse","alpha_map"],"semantics": ["ATTR0","ATTR8"],"states":{"DepthTestEnable": true,"DepthFunc": 515,"DepthMask": false,"CullFaceEnable": false,"BlendEnable": true,"BlendFunc": [1,1]},"programs": ["vp_nolight","fp_separatealpha"]}],"glass_env":[{"parameters": ["uvTransform","viewProjection","world","worldInverseTranspose","eyePosition","materialColor","alpha_map","env_map"],"semantics": ["ATTR0","ATTR2","ATTR8"],"states":{"DepthTestEnable": true,"DepthFunc": 515,"DepthMask": false,"CullFaceEnable": false,"BlendEnable": true,"BlendFunc": [1,1]},"programs": ["vp_glass_env","fp_separatealpha_env"]}],"modulate2":[{"parameters": ["uvTransform","viewProjection","world","materialColor","diffuse"],"semantics": ["ATTR0","ATTR8"],"states":{"DepthTestEnable": true,"DepthFunc": 515,"DepthMask": false,"CullFaceEnable": true,"CullFace": 1029,"BlendEnable": true,"BlendFunc": [774,768],"PolygonOffset": [-1,-1],"PolygonOffsetFillEnable": true},"programs": ["vp_nolight","fp_normal"]}],"modulate2_skinned":[{"parameters": ["skinBones","uvTransform","viewProjection","world","materialColor","diffuse"],"semantics": ["ATTR0","ATTR8","ATTR7","ATTR1"],"states":{"DepthTestEnable": true,"DepthFunc": 515,"DepthMask": false,"CullFaceEnable": true,"CullFace": 1029,"BlendEnable": true,"BlendFunc": [774,768],"PolygonOffset": [-1,-1],"PolygonOffsetFillEnable": true},"programs": ["vp_nolight_skinned","fp_normal"]}],"env":[{"parameters": ["viewProjection","world","worldInverseTranspose","eyePosition","materialColor","env_map"],"semantics": ["ATTR0","ATTR2"],"states":{"DepthTestEnable": true,"DepthFunc": 515,"DepthMask": false,"CullFaceEnable": false,"BlendEnable": true,"BlendFunc": [1,1]},"programs": ["vp_env","fp_env"]}],"env_skinned":[{"parameters": ["skinBones","viewProjection","world","worldInverseTranspose","eyePosition","materialColor","env_map"],"semantics": ["ATTR0","ATTR2","ATTR7","ATTR1"],"states":{"DepthTestEnable": true,"DepthFunc": 515,"DepthMask": false,"CullFaceEnable": false,"BlendEnable": true,"BlendFunc": [1,1]},"programs": ["vp_env_skinned","fp_env"]}]},"programs":{"fp_env":{"type": "fragment","code": "#ifdef GL_ES\n#define TZ_LOWP lowp\nprecision mediump float;\nprecision mediump int;\n#else\n#define TZ_LOWP\n#endif\nvarying TZ_LOWP vec4 tz_Color;varying vec4 tz_TexCoord[2];\nvec4 _ret_0;vec4 _TMP2;vec3 _TMP1;vec3 _TMP0;float _TMP5;float _TMP4;float _TMP3;uniform samplerCube env_map;void main()\n{vec3 _R;_TMP3=dot(tz_TexCoord[1].xyz,tz_TexCoord[1].xyz);_TMP4=inversesqrt(_TMP3);_TMP0=_TMP4*tz_TexCoord[1].xyz;_TMP3=dot(tz_TexCoord[0].xyz,tz_TexCoord[0].xyz);_TMP4=inversesqrt(_TMP3);_TMP1=_TMP4*tz_TexCoord[0].xyz;_TMP5=dot(_TMP1,_TMP0);_R=_TMP0-(2.0*_TMP1)*_TMP5;_TMP2=textureCube(env_map,_R);_ret_0=(tz_Color.w*tz_Color)*_TMP2;gl_FragColor=_ret_0;}"},"vp_env_skinned":{"type": "vertex","code": "#ifdef GL_ES\n#define TZ_LOWP lowp\nprecision mediump float;\nprecision mediump int;\n#else\n#define TZ_LOWP\n#endif\nvarying TZ_LOWP vec4 tz_Color;varying vec4 tz_TexCoord[2];attribute vec4 ATTR0;attribute vec3 ATTR2;\nstruct SkinTransform{vec4 _X;vec4 _Y;vec4 _Z;};struct VP_ENV_OUT{vec4 _Position7;vec4 _Color3;vec3 _Normal3;vec3 _eyeDirection;};vec4 _indices0014;ivec4 _Indices0014;SkinTransform _skinWeightTransform0014;attribute vec4 ATTR7;attribute vec4 ATTR1;uniform vec4 skinBones[225];uniform vec4 viewProjection[4];uniform vec3 world[4];uniform vec3 worldInverseTranspose[3];uniform vec3 eyePosition;uniform vec4 materialColor;void main()\n{VP_ENV_OUT _OUT;vec4 _skinTempPosition;vec3 _Position;vec3 _Normal;vec3 _position;_indices0014=ATTR7*3.0;_Indices0014=ivec4(int(_indices0014.x),int(_indices0014.y),int(_indices0014.z),int(_indices0014.w));_skinWeightTransform0014._X=ATTR1.x*skinBones[_Indices0014.x];_skinWeightTransform0014._Y=ATTR1.x*skinBones[(_Indices0014.x+1)];_skinWeightTransform0014._Z=ATTR1.x*skinBones[(_Indices0014.x+2)];_skinWeightTransform0014._X=_skinWeightTransform0014._X+ATTR1.y*skinBones[_Indices0014.y];_skinWeightTransform0014._Y=_skinWeightTransform0014._Y+ATTR1.y*skinBones[(_Indices0014.y+1)];_skinWeightTransform0014._Z=_skinWeightTransform0014._Z+ATTR1.y*skinBones[(_Indices0014.y+2)];_skinWeightTransform0014._X=_skinWeightTransform0014._X+ATTR1.z*skinBones[_Indices0014.z];_skinWeightTransform0014._Y=_skinWeightTransform0014._Y+ATTR1.z*skinBones[(_Indices0014.z+1)];_skinWeightTransform0014._Z=_skinWeightTransform0014._Z+ATTR1.z*skinBones[(_Indices0014.z+2)];_skinWeightTransform0014._X=_skinWeightTransform0014._X+ATTR1.w*skinBones[_Indices0014.w];_skinWeightTransform0014._Y=_skinWeightTransform0014._Y+ATTR1.w*skinBones[(_Indices0014.w+1)];_skinWeightTransform0014._Z=_skinWeightTransform0014._Z+ATTR1.w*skinBones[(_Indices0014.w+2)];_skinTempPosition=vec4(ATTR0.x,ATTR0.y,ATTR0.z,1.0);_Position.x=dot(_skinTempPosition,_skinWeightTransform0014._X);_Position.y=dot(_skinTempPosition,_skinWeightTransform0014._Y);_Position.z=dot(_skinTempPosition,_skinWeightTransform0014._Z);_Normal.x=dot(ATTR2.xyz,_skinWeightTransform0014._X.xyz);_Normal.y=dot(ATTR2.xyz,_skinWeightTransform0014._Y.xyz);_Normal.z=dot(ATTR2.xyz,_skinWeightTransform0014._Z.xyz);_position=_Position.xxx*world[0]+_Position.yyy*world[1]+_Position.zzz*world[2]+world[3];_OUT._Position7=_position.xxxx*viewProjection[0]+_position.yyyy*viewProjection[1]+_position.zzzz*viewProjection[2]+viewProjection[3];_OUT._Normal3=_Normal.xxx*worldInverseTranspose[0]+_Normal.yyy*worldInverseTranspose[1]+_Normal.zzz*worldInverseTranspose[2];_OUT._eyeDirection=_position-eyePosition;tz_TexCoord[0].xyz=_OUT._Normal3;tz_TexCoord[1].xyz=_OUT._eyeDirection;gl_Position=_OUT._Position7;tz_Color=materialColor;}"},"vp_env":{"type": "vertex","code": "#ifdef GL_ES\n#define TZ_LOWP lowp\nprecision mediump float;\nprecision mediump int;\n#else\n#define TZ_LOWP\n#endif\nvarying TZ_LOWP vec4 tz_Color;varying vec4 tz_TexCoord[2];attribute vec4 ATTR0;attribute vec3 ATTR2;\nstruct VP_ENV_OUT{vec4 _Position6;vec4 _Color3;vec3 _Normal2;vec3 _eyeDirection;};uniform vec4 viewProjection[4];uniform vec3 world[4];uniform vec3 worldInverseTranspose[3];uniform vec3 eyePosition;uniform vec4 materialColor;void main()\n{VP_ENV_OUT _OUT;vec3 _position;_position=ATTR0.xxx*world[0]+ATTR0.yyy*world[1]+ATTR0.zzz*world[2]+world[3];_OUT._Position6=_position.xxxx*viewProjection[0]+_position.yyyy*viewProjection[1]+_position.zzzz*viewProjection[2]+viewProjection[3];_OUT._Normal2=ATTR2.xxx*worldInverseTranspose[0]+ATTR2.yyy*worldInverseTranspose[1]+ATTR2.zzz*worldInverseTranspose[2];_OUT._eyeDirection=_position-eyePosition;tz_TexCoord[0].xyz=_OUT._Normal2;tz_TexCoord[1].xyz=_OUT._eyeDirection;gl_Position=_OUT._Position6;tz_Color=materialColor;}"},"fp_normal":{"type": "fragment","code": "#ifdef GL_ES\n#define TZ_LOWP lowp\nprecision mediump float;\nprecision mediump int;\n#else\n#define TZ_LOWP\n#endif\nvarying TZ_LOWP vec4 tz_Color;varying vec4 tz_TexCoord[1];\nvec4 _ret_0;vec4 _TMP0;uniform sampler2D diffuse;void main()\n{_TMP0=texture2D(diffuse,tz_TexCoord[0].xy);_ret_0=tz_Color*_TMP0;gl_FragColor=_ret_0;}"},"vp_nolight_skinned":{"type": "vertex","code": "#ifdef GL_ES\n#define TZ_LOWP lowp\nprecision mediump float;\nprecision mediump int;\n#else\n#define TZ_LOWP\n#endif\nvarying TZ_LOWP vec4 tz_Color;varying vec4 tz_TexCoord[1];attribute vec4 ATTR0;attribute vec4 ATTR8;\nstruct SkinTransform{vec4 _X;vec4 _Y;vec4 _Z;};struct VP_NOLIGHT_OUT{vec4 _Position4;vec4 _Color1;vec2 _UV3;};vec4 _indices0014;ivec4 _Indices0014;SkinTransform _skinWeightTransform0014;vec3 _wpt0022;attribute vec4 ATTR7;attribute vec4 ATTR1;uniform vec4 skinBones[225];uniform vec2 uvTransform[3];uniform vec4 viewProjection[4];uniform vec3 world[4];uniform vec4 materialColor;void main()\n{VP_NOLIGHT_OUT _OUT;vec4 _skinTempPosition;vec3 _Position;_indices0014=ATTR7*3.0;_Indices0014=ivec4(int(_indices0014.x),int(_indices0014.y),int(_indices0014.z),int(_indices0014.w));_skinWeightTransform0014._X=ATTR1.x*skinBones[_Indices0014.x];_skinWeightTransform0014._Y=ATTR1.x*skinBones[(_Indices0014.x+1)];_skinWeightTransform0014._Z=ATTR1.x*skinBones[(_Indices0014.x+2)];_skinWeightTransform0014._X=_skinWeightTransform0014._X+ATTR1.y*skinBones[_Indices0014.y];_skinWeightTransform0014._Y=_skinWeightTransform0014._Y+ATTR1.y*skinBones[(_Indices0014.y+1)];_skinWeightTransform0014._Z=_skinWeightTransform0014._Z+ATTR1.y*skinBones[(_Indices0014.y+2)];_skinWeightTransform0014._X=_skinWeightTransform0014._X+ATTR1.z*skinBones[_Indices0014.z];_skinWeightTransform0014._Y=_skinWeightTransform0014._Y+ATTR1.z*skinBones[(_Indices0014.z+1)];_skinWeightTransform0014._Z=_skinWeightTransform0014._Z+ATTR1.z*skinBones[(_Indices0014.z+2)];_skinWeightTransform0014._X=_skinWeightTransform0014._X+ATTR1.w*skinBones[_Indices0014.w];_skinWeightTransform0014._Y=_skinWeightTransform0014._Y+ATTR1.w*skinBones[(_Indices0014.w+1)];_skinWeightTransform0014._Z=_skinWeightTransform0014._Z+ATTR1.w*skinBones[(_Indices0014.w+2)];_skinTempPosition=vec4(ATTR0.x,ATTR0.y,ATTR0.z,1.0);_Position.x=dot(_skinTempPosition,_skinWeightTransform0014._X);_Position.y=dot(_skinTempPosition,_skinWeightTransform0014._Y);_Position.z=dot(_skinTempPosition,_skinWeightTransform0014._Z);_wpt0022=_Position.xxx*world[0]+_Position.yyy*world[1]+_Position.zzz*world[2]+world[3];_OUT._Position4=_wpt0022.xxxx*viewProjection[0]+_wpt0022.yyyy*viewProjection[1]+_wpt0022.zzzz*viewProjection[2]+viewProjection[3];_OUT._UV3=ATTR8.xx*uvTransform[0]+ATTR8.yy*uvTransform[1]+uvTransform[2];tz_TexCoord[0].xy=_OUT._UV3;gl_Position=_OUT._Position4;tz_Color=materialColor;}"},"vp_nolight":{"type": "vertex","code": "#ifdef GL_ES\n#define TZ_LOWP lowp\nprecision mediump float;\nprecision mediump int;\n#else\n#define TZ_LOWP\n#endif\nvarying TZ_LOWP vec4 tz_Color;varying vec4 tz_TexCoord[1];attribute vec4 ATTR0;attribute vec4 ATTR8;\nstruct VP_NOLIGHT_OUT{vec4 _Position3;vec4 _Color1;vec2 _UV3;};vec3 _wpt0013;uniform vec2 uvTransform[3];uniform vec4 viewProjection[4];uniform vec3 world[4];uniform vec4 materialColor;void main()\n{VP_NOLIGHT_OUT _OUT;_wpt0013=ATTR0.xxx*world[0]+ATTR0.yyy*world[1]+ATTR0.zzz*world[2]+world[3];_OUT._Position3=_wpt0013.xxxx*viewProjection[0]+_wpt0013.yyyy*viewProjection[1]+_wpt0013.zzzz*viewProjection[2]+viewProjection[3];_OUT._UV3=ATTR8.xx*uvTransform[0]+ATTR8.yy*uvTransform[1]+uvTransform[2];tz_TexCoord[0].xy=_OUT._UV3;gl_Position=_OUT._Position3;tz_Color=materialColor;}"},"fp_separatealpha_env":{"type": "fragment","code": "#ifdef GL_ES\n#define TZ_LOWP lowp\nprecision mediump float;\nprecision mediump int;\n#else\n#define TZ_LOWP\n#endif\nvarying TZ_LOWP vec4 tz_Color;varying vec4 tz_TexCoord[3];\nvec4 _ret_0;vec4 _TMP3;vec3 _TMP2;vec3 _TMP1;float _TMP6;float _TMP5;float _TMP4;vec4 _TMP0;uniform sampler2D alpha_map;uniform samplerCube env_map;void main()\n{float _alpha;vec3 _R;_TMP0=texture2D(alpha_map,tz_TexCoord[0].xy);_alpha=tz_Color.w*_TMP0.w;_TMP4=dot(tz_TexCoord[2].xyz,tz_TexCoord[2].xyz);_TMP5=inversesqrt(_TMP4);_TMP1=_TMP5*tz_TexCoord[2].xyz;_TMP4=dot(tz_TexCoord[1].xyz,tz_TexCoord[1].xyz);_TMP5=inversesqrt(_TMP4);_TMP2=_TMP5*tz_TexCoord[1].xyz;_TMP6=dot(_TMP2,_TMP1);_R=_TMP1-(2.0*_TMP2)*_TMP6;_TMP3=textureCube(env_map,_R);_ret_0=(tz_Color*_TMP3)*_alpha;gl_FragColor=_ret_0;}"},"vp_glass_env":{"type": "vertex","code": "#ifdef GL_ES\n#define TZ_LOWP lowp\nprecision mediump float;\nprecision mediump int;\n#else\n#define TZ_LOWP\n#endif\nvarying TZ_LOWP vec4 tz_Color;varying vec4 tz_TexCoord[3];attribute vec4 ATTR0;attribute vec3 ATTR2;attribute vec4 ATTR8;\nstruct VP_GLASS_ENV_OUT{vec4 _Position8;vec4 _Color5;vec2 _UV6;vec3 _Normal5;vec3 _eyeDirection2;};uniform vec2 uvTransform[3];uniform vec4 viewProjection[4];uniform vec3 world[4];uniform vec3 worldInverseTranspose[3];uniform vec3 eyePosition;uniform vec4 materialColor;void main()\n{VP_GLASS_ENV_OUT _OUT;vec3 _position;_position=ATTR0.xxx*world[0]+ATTR0.yyy*world[1]+ATTR0.zzz*world[2]+world[3];_OUT._Position8=_position.xxxx*viewProjection[0]+_position.yyyy*viewProjection[1]+_position.zzzz*viewProjection[2]+viewProjection[3];_OUT._UV6=ATTR8.xx*uvTransform[0]+ATTR8.yy*uvTransform[1]+uvTransform[2];_OUT._Normal5=ATTR2.xxx*worldInverseTranspose[0]+ATTR2.yyy*worldInverseTranspose[1]+ATTR2.zzz*worldInverseTranspose[2];_OUT._eyeDirection2=_position-eyePosition;tz_TexCoord[2].xyz=_OUT._eyeDirection2;tz_TexCoord[0].xy=_OUT._UV6;tz_TexCoord[1].xyz=_OUT._Normal5;gl_Position=_OUT._Position8;tz_Color=materialColor;}"},"fp_separatealpha":{"type": "fragment","code": "#ifdef GL_ES\n#define TZ_LOWP lowp\nprecision mediump float;\nprecision mediump int;\n#else\n#define TZ_LOWP\n#endif\nvarying TZ_LOWP vec4 tz_Color;varying vec4 tz_TexCoord[1];\nvec4 _ret_0;vec4 _TMP1;vec4 _TMP0;uniform sampler2D diffuse;uniform sampler2D alpha_map;void main()\n{float _alpha;_TMP0=texture2D(alpha_map,tz_TexCoord[0].xy);_alpha=tz_Color.w*_TMP0.w;_TMP1=texture2D(diffuse,tz_TexCoord[0].xy);_ret_0=(tz_Color*_TMP1)*_alpha;gl_FragColor=_ret_0;}"},"fp_premodulatealpha":{"type": "fragment","code": "#ifdef GL_ES\n#define TZ_LOWP lowp\nprecision mediump float;\nprecision mediump int;\n#else\n#define TZ_LOWP\n#endif\nvarying TZ_LOWP vec4 tz_Color;varying vec4 tz_TexCoord[1];\nvec4 _TMP0;uniform sampler2D diffuse;void main()\n{vec4 _color;_TMP0=texture2D(diffuse,tz_TexCoord[0].xy);_color=tz_Color*_TMP0;_color.xyz=_color.xyz*tz_Color.w;gl_FragColor=_color;}"},"vp_nolight_vertexcolor":{"type": "vertex","code": "#ifdef GL_ES\n#define TZ_LOWP lowp\nprecision mediump float;\nprecision mediump int;\n#else\n#define TZ_LOWP\n#endif\nvarying TZ_LOWP vec4 tz_Color;varying vec4 tz_TexCoord[1];attribute vec4 ATTR0;attribute vec4 ATTR3;attribute vec4 ATTR8;\nstruct VP_NOLIGHT_OUT{vec4 _Position3;vec4 _Color1;vec2 _UV3;};vec3 _wpt0014;uniform vec2 uvTransform[3];uniform vec4 viewProjection[4];uniform vec3 world[4];uniform vec4 materialColor;void main()\n{VP_NOLIGHT_OUT _OUT;vec3 _TMP12;_wpt0014=ATTR0.xxx*world[0]+ATTR0.yyy*world[1]+ATTR0.zzz*world[2]+world[3];_OUT._Position3=_wpt0014.xxxx*viewProjection[0]+_wpt0014.yyyy*viewProjection[1]+_wpt0014.zzzz*viewProjection[2]+viewProjection[3];_TMP12=ATTR3.xyz*materialColor.xyz;_OUT._Color1=vec4(_TMP12.x,_TMP12.y,_TMP12.z,ATTR3.w);_OUT._UV3=ATTR8.xx*uvTransform[0]+ATTR8.yy*uvTransform[1]+uvTransform[2];tz_TexCoord[0].xy=_OUT._UV3;gl_Position=_OUT._Position3;tz_Color=_OUT._Color1;}"},"fp_translucent":{"type": "fragment","code": "#ifdef GL_ES\n#define TZ_LOWP lowp\nprecision mediump float;\nprecision mediump int;\n#else\n#define TZ_LOWP\n#endif\nvarying TZ_LOWP vec4 tz_Color;varying vec4 tz_TexCoord[1];\nvec4 _ret_0;vec4 _TMP0;uniform sampler2D diffuse;void main()\n{vec3 _TMP13;_TMP0=texture2D(diffuse,tz_TexCoord[0].xy);_TMP13=_TMP0.xyz*tz_Color.xyz;_ret_0=vec4(_TMP13.x,_TMP13.y,_TMP13.z,1.0);gl_FragColor=_ret_0;}"}}}