{"version": 1,"name": "deferredopaque.cgfx","samplers":{"diffuse":{"MinFilter": 9985,"MagFilter": 9729,"WrapS": 10497,"WrapT": 10497,"MaxAnisotropy": 8},"normal_map":{"MinFilter": 9985,"MagFilter": 9729,"WrapS": 10497,"WrapT": 10497,"MaxAnisotropy": 8},"specular_map":{"MinFilter": 9985,"MagFilter": 9729,"WrapS": 10497,"WrapT": 10497,"MaxAnisotropy": 8},"alpha_map":{"MinFilter": 9985,"MagFilter": 9729,"WrapS": 10497,"WrapT": 10497,"MaxAnisotropy": 4},"glow_map":{"MinFilter": 9985,"MagFilter": 9729,"WrapS": 10497,"WrapT": 10497},"env_map":{"MinFilter": 9985,"MagFilter": 9729,"WrapS": 33071,"WrapT": 33071,"WrapR": 33071}},"parameters":{"uvTransform":{"type": "float","rows": 3,"columns": 2,"values": [1,0,0,1,0,0]},"viewProjection":{"type": "float","rows": 4,"columns": 4},"world":{"type": "float","rows": 4,"columns": 3},"worldViewInverseTranspose":{"type": "float","rows": 3,"columns": 3},"viewDepth":{"type": "float","columns": 4},"eyePosition":{"type": "float","columns": 3},"alphaRef":{"type": "float","values": [0.5]},"materialColor":{"type": "float","columns": 4,"values": [1,1,1,1]},"skinBones":{"type": "float","rows": 225,"columns": 4},"diffuse":{"type": "sampler2D"},"normal_map":{"type": "sampler2D"},"specular_map":{"type": "sampler2D"},"alpha_map":{"type": "sampler2D"},"glow_map":{"type": "sampler2D"},"env_map":{"type": "samplerCUBE"}},"techniques":{"blinn":[{"parameters": ["uvTransform","viewProjection","world","worldViewInverseTranspose","viewDepth","materialColor","diffuse"],"semantics": ["ATTR0","ATTR2","ATTR8"],"states":{"DepthTestEnable": true,"DepthFunc": 515,"DepthMask": true,"StencilTestEnable": true,"StencilFunc": [519,0,-1],"StencilOp": [7680,7680,0],"CullFaceEnable": true,"CullFace": 1029,"BlendEnable": false},"programs": ["vp_blinn","fp_blinn"]}],"blinn_skinned":[{"parameters": ["uvTransform","viewProjection","world","worldViewInverseTranspose","viewDepth","materialColor","skinBones","diffuse"],"semantics": ["ATTR0","ATTR2","ATTR8","ATTR7","ATTR1"],"states":{"DepthTestEnable": true,"DepthFunc": 515,"DepthMask": true,"StencilTestEnable": true,"StencilFunc": [519,0,-1],"StencilOp": [7680,7680,0],"CullFaceEnable": true,"CullFace": 1029,"BlendEnable": false},"programs": ["vp_blinn_skinned","fp_blinn"]}],"rxgb_normalmap":[{"parameters": ["uvTransform","viewProjection","world","worldViewInverseTranspose","viewDepth","materialColor","diffuse","normal_map"],"semantics": ["ATTR0","ATTR2","ATTR8","ATTR14","ATTR15"],"states":{"DepthTestEnable": true,"DepthFunc": 515,"DepthMask": true,"StencilTestEnable": true,"StencilFunc": [519,0,-1],"StencilOp": [7680,7680,0],"CullFaceEnable": true,"CullFace": 1029,"BlendEnable": false},"programs": ["vp_normalmap","fp_normalmap"]}],"rxgb_normalmap_specularmap":[{"parameters": ["uvTransform","viewProjection","world","worldViewInverseTranspose","viewDepth","materialColor","diffuse","normal_map","specular_map"],"semantics": ["ATTR0","ATTR2","ATTR8","ATTR14","ATTR15"],"states":{"DepthTestEnable": true,"DepthFunc": 515,"DepthMask": true,"StencilTestEnable": true,"StencilFunc": [519,0,-1],"StencilOp": [7680,7680,0],"CullFaceEnable": true,"CullFace": 1029,"BlendEnable": false},"programs": ["vp_normalmap","fp_rxgb_normalmap_specularmap"]}],"rxgb_normalmap_alphatest":[{"parameters": ["uvTransform","viewProjection","world","worldViewInverseTranspose","viewDepth","materialColor","alphaRef","diffuse","normal_map"],"semantics": ["ATTR0","ATTR2","ATTR8","ATTR14","ATTR15"],"states":{"DepthTestEnable": true,"DepthFunc": 515,"DepthMask": true,"StencilTestEnable": true,"StencilFunc": [519,0,-1],"StencilOp": [7680,7680,0],"CullFaceEnable": true,"CullFace": 1029},"programs": ["vp_normalmap","fp_normalmap_alphatest"]}],"rxgb_normalmap_specularmap_alphatest":[{"parameters": ["uvTransform","viewProjection","world","worldViewInverseTranspose","viewDepth","materialColor","alphaRef","diffuse","normal_map","specular_map"],"semantics": ["ATTR0","ATTR2","ATTR8","ATTR14","ATTR15"],"states":{"DepthTestEnable": true,"DepthFunc": 515,"DepthMask": true,"StencilTestEnable": true,"StencilFunc": [519,0,-1],"StencilOp": [7680,7680,0],"CullFaceEnable": true,"CullFace": 1029},"programs": ["vp_normalmap","fp_rxgb_normalmap_specularmap_alphatest"]}],"rxgb_normalmap_specularmap_glowmap":[{"parameters": ["uvTransform","viewProjection","world","worldViewInverseTranspose","viewDepth","materialColor","diffuse","normal_map","specular_map","glow_map"],"semantics": ["ATTR0","ATTR2","ATTR8","ATTR14","ATTR15"],"states":{"DepthTestEnable": true,"DepthFunc": 515,"DepthMask": true,"StencilTestEnable": true,"StencilFunc": [519,0,-1],"StencilOp": [7680,7680,0],"CullFaceEnable": true,"CullFace": 1029,"BlendEnable": false},"programs": ["vp_normalmap","fp_rxgb_normalmap_specularmap_glowmap"]}],"rxgb_normalmap_glowmap":[{"parameters": ["uvTransform","viewProjection","world","worldViewInverseTranspose","viewDepth","materialColor","diffuse","normal_map","glow_map"],"semantics": ["ATTR0","ATTR2","ATTR8","ATTR14","ATTR15"],"states":{"DepthTestEnable": true,"DepthFunc": 515,"DepthMask": true,"StencilTestEnable": true,"StencilFunc": [519,0,-1],"StencilOp": [7680,7680,0],"CullFaceEnable": true,"CullFace": 1029,"BlendEnable": false},"programs": ["vp_normalmap","fp_rxgb_normalmap_glowmap"]}],"rxgb_normalmap_skinned":[{"parameters": ["uvTransform","viewProjection","world","worldViewInverseTranspose","viewDepth","materialColor","skinBones","diffuse","normal_map"],"semantics": ["ATTR0","ATTR2","ATTR8","ATTR14","ATTR15","ATTR7","ATTR1"],"states":{"DepthTestEnable": true,"DepthFunc": 515,"DepthMask": true,"StencilTestEnable": true,"StencilFunc": [519,0,-1],"StencilOp": [7680,7680,0],"CullFaceEnable": true,"CullFace": 1029,"BlendEnable": false},"programs": ["vp_normalmap_skinned","fp_normalmap"]}],"rxgb_normalmap_specularmap_skinned":[{"parameters": ["uvTransform","viewProjection","world","worldViewInverseTranspose","viewDepth","materialColor","skinBones","diffuse","normal_map","specular_map"],"semantics": ["ATTR0","ATTR2","ATTR8","ATTR14","ATTR15","ATTR7","ATTR1"],"states":{"DepthTestEnable": true,"DepthFunc": 515,"DepthMask": true,"StencilTestEnable": true,"StencilFunc": [519,0,-1],"StencilOp": [7680,7680,0],"CullFaceEnable": true,"CullFace": 1029,"BlendEnable": false},"programs": ["vp_normalmap_skinned","fp_rxgb_normalmap_specularmap"]}],"rxgb_normalmap_alphatest_skinned":[{"parameters": ["uvTransform","viewProjection","world","worldViewInverseTranspose","viewDepth","materialColor","skinBones","alphaRef","diffuse","normal_map"],"semantics": ["ATTR0","ATTR2","ATTR8","ATTR14","ATTR15","ATTR7","ATTR1"],"states":{"DepthTestEnable": true,"DepthFunc": 515,"DepthMask": true,"StencilTestEnable": true,"StencilFunc": [519,0,-1],"StencilOp": [7680,7680,0],"CullFaceEnable": true,"CullFace": 1029},"programs": ["vp_normalmap_skinned","fp_normalmap_alphatest"]}],"rxgb_normalmap_specularmap_alphatest_skinned":[{"parameters": ["uvTransform","viewProjection","world","worldViewInverseTranspose","viewDepth","materialColor","skinBones","alphaRef","diffuse","normal_map","specular_map"],"semantics": ["ATTR0","ATTR2","ATTR8","ATTR14","ATTR15","ATTR7","ATTR1"],"states":{"DepthTestEnable": true,"DepthFunc": 515,"DepthMask": true,"StencilTestEnable": true,"StencilFunc": [519,0,-1],"StencilOp": [7680,7680,0],"CullFaceEnable": true,"CullFace": 1029},"programs": ["vp_normalmap_skinned","fp_rxgb_normalmap_specularmap_alphatest"]}],"rxgb_normalmap_specularmap_glowmap_skinned":[{"parameters": ["uvTransform","viewProjection","world","worldViewInverseTranspose","viewDepth","materialColor","skinBones","diffuse","normal_map","specular_map","glow_map"],"semantics": ["ATTR0","ATTR2","ATTR8","ATTR14","ATTR15","ATTR7","ATTR1"],"states":{"DepthTestEnable": true,"DepthFunc": 515,"DepthMask": true,"StencilTestEnable": true,"StencilFunc": [519,0,-1],"StencilOp": [7680,7680,0],"CullFaceEnable": true,"CullFace": 1029,"BlendEnable": false},"programs": ["vp_normalmap_skinned","fp_rxgb_normalmap_specularmap_glowmap"]}],"rxgb_normalmap_glowmap_skinned":[{"parameters": ["uvTransform","viewProjection","world","worldViewInverseTranspose","viewDepth","materialColor","skinBones","diffuse","normal_map","glow_map"],"semantics": ["ATTR0","ATTR2","ATTR8","ATTR14","ATTR15","ATTR7","ATTR1"],"states":{"DepthTestEnable": true,"DepthFunc": 515,"DepthMask": true,"StencilTestEnable": true,"StencilFunc": [519,0,-1],"StencilOp": [7680,7680,0],"CullFaceEnable": true,"CullFace": 1029,"BlendEnable": false},"programs": ["vp_normalmap_skinned","fp_rxgb_normalmap_glowmap"]}],"normalmap":[{"parameters": ["uvTransform","viewProjection","world","worldViewInverseTranspose","viewDepth","materialColor","diffuse","normal_map"],"semantics": ["ATTR0","ATTR2","ATTR8","ATTR14","ATTR15"],"states":{"DepthTestEnable": true,"DepthFunc": 515,"DepthMask": true,"StencilTestEnable": true,"StencilFunc": [519,0,-1],"StencilOp": [7680,7680,0],"CullFaceEnable": true,"CullFace": 1029,"BlendEnable": false},"programs": ["vp_normalmap","fp_normalmap"]}],"normalmap_specularmap":[{"parameters": ["uvTransform","viewProjection","world","worldViewInverseTranspose","viewDepth","materialColor","diffuse","normal_map","specular_map"],"semantics": ["ATTR0","ATTR2","ATTR8","ATTR14","ATTR15"],"states":{"DepthTestEnable": true,"DepthFunc": 515,"DepthMask": true,"StencilTestEnable": true,"StencilFunc": [519,0,-1],"StencilOp": [7680,7680,0],"CullFaceEnable": true,"CullFace": 1029,"BlendEnable": false},"programs": ["vp_normalmap","fp_normalmap_specularmap"]}],"normalmap_specularmap_alphamap":[{"parameters": ["uvTransform","viewProjection","world","worldViewInverseTranspose","viewDepth","materialColor","alphaRef","diffuse","normal_map","specular_map","alpha_map"],"semantics": ["ATTR0","ATTR2","ATTR8","ATTR14","ATTR15"],"states":{"DepthTestEnable": true,"DepthFunc": 515,"DepthMask": true,"StencilTestEnable": true,"StencilFunc": [519,0,-1],"StencilOp": [7680,7680,0],"CullFaceEnable": true,"CullFace": 1029,"BlendEnable": false},"programs": ["vp_normalmap","fp_normalmap_specularmap_alphamap"]}],"normalmap_alphatest":[{"parameters": ["uvTransform","viewProjection","world","worldViewInverseTranspose","viewDepth","materialColor","alphaRef","diffuse","normal_map"],"semantics": ["ATTR0","ATTR2","ATTR8","ATTR14","ATTR15"],"states":{"DepthTestEnable": true,"DepthFunc": 515,"DepthMask": true,"StencilTestEnable": true,"StencilFunc": [519,0,-1],"StencilOp": [7680,7680,0],"CullFaceEnable": true,"CullFace": 1029},"programs": ["vp_normalmap","fp_normalmap_alphatest"]}],"normalmap_specularmap_alphatest":[{"parameters": ["uvTransform","viewProjection","world","worldViewInverseTranspose","viewDepth","materialColor","alphaRef","diffuse","normal_map","specular_map"],"semantics": ["ATTR0","ATTR2","ATTR8","ATTR14","ATTR15"],"states":{"DepthTestEnable": true,"DepthFunc": 515,"DepthMask": true,"StencilTestEnable": true,"StencilFunc": [519,0,-1],"StencilOp": [7680,7680,0],"CullFaceEnable": true,"CullFace": 1029},"programs": ["vp_normalmap","fp_normalmap_specularmap_alphatest"]}],"normalmap_specularmap_glowmap":[{"parameters": ["uvTransform","viewProjection","world","worldViewInverseTranspose","viewDepth","materialColor","diffuse","normal_map","specular_map","glow_map"],"semantics": ["ATTR0","ATTR2","ATTR8","ATTR14","ATTR15"],"states":{"DepthTestEnable": true,"DepthFunc": 515,"DepthMask": true,"StencilTestEnable": true,"StencilFunc": [519,0,-1],"StencilOp": [7680,7680,0],"CullFaceEnable": true,"CullFace": 1029,"BlendEnable": false},"programs": ["vp_normalmap","fp_normalmap_specularmap_glowmap"]}],"normalmap_glowmap":[{"parameters": ["uvTransform","viewProjection","world","worldViewInverseTranspose","viewDepth","materialColor","diffuse","normal_map","glow_map"],"semantics": ["ATTR0","ATTR2","ATTR8","ATTR14","ATTR15"],"states":{"DepthTestEnable": true,"DepthFunc": 515,"DepthMask": true,"StencilTestEnable": true,"StencilFunc": [519,0,-1],"StencilOp": [7680,7680,0],"CullFaceEnable": true,"CullFace": 1029,"BlendEnable": false},"programs": ["vp_normalmap","fp_normalmap_glowmap"]}],"normalmap_skinned":[{"parameters": ["uvTransform","viewProjection","world","worldViewInverseTranspose","viewDepth","materialColor","skinBones","diffuse","normal_map"],"semantics": ["ATTR0","ATTR2","ATTR8","ATTR14","ATTR15","ATTR7","ATTR1"],"states":{"DepthTestEnable": true,"DepthFunc": 515,"DepthMask": true,"StencilTestEnable": true,"StencilFunc": [519,0,-1],"StencilOp": [7680,7680,0],"CullFaceEnable": true,"CullFace": 1029,"BlendEnable": false},"programs": ["vp_normalmap_skinned","fp_normalmap"]}],"normalmap_specularmap_skinned":[{"parameters": ["uvTransform","viewProjection","world","worldViewInverseTranspose","viewDepth","materialColor","skinBones","diffuse","normal_map","specular_map"],"semantics": ["ATTR0","ATTR2","ATTR8","ATTR14","ATTR15","ATTR7","ATTR1"],"states":{"DepthTestEnable": true,"DepthFunc": 515,"DepthMask": true,"StencilTestEnable": true,"StencilFunc": [519,0,-1],"StencilOp": [7680,7680,0],"CullFaceEnable": true,"CullFace": 1029,"BlendEnable": false},"programs": ["vp_normalmap_skinned","fp_normalmap_specularmap"]}],"normalmap_alphatest_skinned":[{"parameters": ["uvTransform","viewProjection","world","worldViewInverseTranspose","viewDepth","materialColor","skinBones","alphaRef","diffuse","normal_map"],"semantics": ["ATTR0","ATTR2","ATTR8","ATTR14","ATTR15","ATTR7","ATTR1"],"states":{"DepthTestEnable": true,"DepthFunc": 515,"DepthMask": true,"StencilTestEnable": true,"StencilFunc": [519,0,-1],"StencilOp": [7680,7680,0],"CullFaceEnable": true,"CullFace": 1029},"programs": ["vp_normalmap_skinned","fp_normalmap_alphatest"]}],"normalmap_specularmap_alphatest_skinned":[{"parameters": ["uvTransform","viewProjection","world","worldViewInverseTranspose","viewDepth","materialColor","skinBones","alphaRef","diffuse","normal_map","specular_map"],"semantics": ["ATTR0","ATTR2","ATTR8","ATTR14","ATTR15","ATTR7","ATTR1"],"states":{"DepthTestEnable": true,"DepthFunc": 515,"DepthMask": true,"StencilTestEnable": true,"StencilFunc": [519,0,-1],"StencilOp": [7680,7680,0],"CullFaceEnable": true,"CullFace": 1029},"programs": ["vp_normalmap_skinned","fp_normalmap_specularmap_alphatest"]}],"normalmap_specularmap_glowmap_skinned":[{"parameters": ["uvTransform","viewProjection","world","worldViewInverseTranspose","viewDepth","materialColor","skinBones","diffuse","normal_map","specular_map","glow_map"],"semantics": ["ATTR0","ATTR2","ATTR8","ATTR14","ATTR15","ATTR7","ATTR1"],"states":{"DepthTestEnable": true,"DepthFunc": 515,"DepthMask": true,"StencilTestEnable": true,"StencilFunc": [519,0,-1],"StencilOp": [7680,7680,0],"CullFaceEnable": true,"CullFace": 1029,"BlendEnable": false},"programs": ["vp_normalmap_skinned","fp_normalmap_specularmap_glowmap"]}],"normalmap_glowmap_skinned":[{"parameters": ["uvTransform","viewProjection","world","worldViewInverseTranspose","viewDepth","materialColor","skinBones","diffuse","normal_map","glow_map"],"semantics": ["ATTR0","ATTR2","ATTR8","ATTR14","ATTR15","ATTR7","ATTR1"],"states":{"DepthTestEnable": true,"DepthFunc": 515,"DepthMask": true,"StencilTestEnable": true,"StencilFunc": [519,0,-1],"StencilOp": [7680,7680,0],"CullFaceEnable": true,"CullFace": 1029,"BlendEnable": false},"programs": ["vp_normalmap_skinned","fp_normalmap_glowmap"]}],"glowmap":[{"parameters": ["uvTransform","viewProjection","world","viewDepth","materialColor","glow_map"],"semantics": ["ATTR0","ATTR8"],"states":{"DepthTestEnable": true,"DepthFunc": 515,"DepthMask": true,"StencilTestEnable": true,"StencilFunc": [519,0,-1],"StencilOp": [7680,7680,0],"CullFaceEnable": true,"CullFace": 1029,"BlendEnable": false},"programs": ["vp_glowmap","fp_glowmap"]}],"glowmap_skinned":[{"parameters": ["uvTransform","viewProjection","world","viewDepth","materialColor","skinBones","glow_map"],"semantics": ["ATTR0","ATTR8","ATTR7","ATTR1"],"states":{"DepthTestEnable": true,"DepthFunc": 515,"DepthMask": true,"StencilTestEnable": true,"StencilFunc": [519,0,-1],"StencilOp": [7680,7680,0],"CullFaceEnable": true,"CullFace": 1029,"BlendEnable": false},"programs": ["vp_glowmap_skinned","fp_glowmap"]}],"skybox":[{"parameters": ["viewProjection","world","eyePosition","env_map"],"semantics": ["ATTR0"],"states":{"DepthTestEnable": true,"DepthFunc": 515,"DepthMask": true,"StencilTestEnable": true,"StencilFunc": [519,2,-1],"StencilOp": [7680,7680,7681],"CullFaceEnable": true,"CullFace": 1029,"BlendEnable": false},"programs": ["vp_skybox","fp_skybox"]}]},"programs":{"fp_skybox":{"type": "fragment","code": "#extension GL_EXT_draw_buffers:require\n#ifdef GL_ES\n#define TZ_LOWP lowp\nprecision mediump float;\nprecision mediump int;\n#else\n#define TZ_LOWP\n#endif\nvarying vec4 tz_TexCoord[1];struct FP_DEFERRED_OUT{vec4 _albedo;vec4 _specular;vec4 _normal;vec4 _depth;};uniform samplerCube env_map;void main()\n{FP_DEFERRED_OUT _OUT;_OUT._albedo=textureCube(env_map,tz_TexCoord[0].xyz);gl_FragData[3]=vec4(1.0,0.0,0.0,0.0);gl_FragData[1]=vec4(0.0,0.0,0.0,0.0);gl_FragData[2]=vec4(0.0,0.0,0.0,0.0);gl_FragData[0]=_OUT._albedo;}"},"vp_skybox":{"type": "vertex","code": "#ifdef GL_ES\n#define TZ_LOWP lowp\nprecision mediump float;\nprecision mediump int;\n#else\n#define TZ_LOWP\n#endif\nvarying vec4 tz_TexCoord[1];attribute vec4 ATTR0;\nstruct VP_SKYBOX_OUT{vec4 _Position10;vec3 _eyeDirection;};uniform vec4 viewProjection[4];uniform vec3 world[4];uniform vec3 eyePosition;void main()\n{VP_SKYBOX_OUT _OUT;vec3 _position;_position=ATTR0.xxx*world[0]+ATTR0.yyy*world[1]+ATTR0.zzz*world[2]+world[3];_OUT._Position10=_position.xxxx*viewProjection[0]+_position.yyyy*viewProjection[1]+_position.zzzz*viewProjection[2]+viewProjection[3];_OUT._eyeDirection=_position-eyePosition;tz_TexCoord[0].xyz=_OUT._eyeDirection;gl_Position=_OUT._Position10;}"},"fp_glowmap":{"type": "fragment","code": "#extension GL_EXT_draw_buffers:require\n#ifdef GL_ES\n#define TZ_LOWP lowp\nprecision mediump float;\nprecision mediump int;\n#else\n#define TZ_LOWP\n#endif\nvarying TZ_LOWP vec4 tz_Color;varying vec4 tz_TexCoord[1];struct FP_DEFERRED_OUT{vec4 _albedo;vec4 _specular;vec4 _normal;vec4 _depth;};float _TMP2;vec4 _TMP0;vec4 _enc0023;float _TMP26;uniform sampler2D glow_map;void main()\n{FP_DEFERRED_OUT _OUT;vec3 _glow;_TMP0=texture2D(glow_map,tz_TexCoord[0].xy);_glow=tz_Color.xyz*_TMP0.xyz;_OUT._albedo=vec4(_glow.x,_glow.y,_glow.z,0.0);_TMP2=min(1.0,tz_TexCoord[0].z);_TMP26=max(0.0,_TMP2);_enc0023=_TMP26*vec4(1.0,255.0,6.50250000E+004,1.65813750E+007);_enc0023=fract(_enc0023);_enc0023=_enc0023-_enc0023.yzww*vec4(3.92156886E-003,3.92156886E-003,3.92156886E-003,0.0);gl_FragData[3]=_enc0023;gl_FragData[1]=vec4(0.0,0.0,0.0,0.0);gl_FragData[2]=vec4(0.0,0.0,0.0,0.0);gl_FragData[0]=_OUT._albedo;}"},"vp_glowmap_skinned":{"type": "vertex","code": "#ifdef GL_ES\n#define TZ_LOWP lowp\nprecision mediump float;\nprecision mediump int;\n#else\n#define TZ_LOWP\n#endif\nvarying TZ_LOWP vec4 tz_Color;varying vec4 tz_TexCoord[1];attribute vec4 ATTR0;attribute vec4 ATTR8;\nstruct VP_GLOWMAP_OUT{vec4 _Position9;vec4 _Color4;vec3 _UVDepth4;};struct SkinTransform{vec4 _X;vec4 _Y;vec4 _Z;};vec4 _indices0019;ivec4 _Indices0019;SkinTransform _skinWeightTransform0019;vec4 _b0033;attribute vec4 ATTR7;attribute vec4 ATTR1;uniform vec2 uvTransform[3];uniform vec4 viewProjection[4];uniform vec3 world[4];uniform vec4 viewDepth;uniform vec4 materialColor;uniform vec4 skinBones[225];void main()\n{VP_GLOWMAP_OUT _OUT;vec4 _skinTempPosition;vec3 _Position;vec3 _worldPosition;_indices0019=ATTR7*3.0;_Indices0019=ivec4(int(_indices0019.x),int(_indices0019.y),int(_indices0019.z),int(_indices0019.w));_skinWeightTransform0019._X=ATTR1.x*skinBones[_Indices0019.x];_skinWeightTransform0019._Y=ATTR1.x*skinBones[(_Indices0019.x+1)];_skinWeightTransform0019._Z=ATTR1.x*skinBones[(_Indices0019.x+2)];_skinWeightTransform0019._X=_skinWeightTransform0019._X+ATTR1.y*skinBones[_Indices0019.y];_skinWeightTransform0019._Y=_skinWeightTransform0019._Y+ATTR1.y*skinBones[(_Indices0019.y+1)];_skinWeightTransform0019._Z=_skinWeightTransform0019._Z+ATTR1.y*skinBones[(_Indices0019.y+2)];_skinWeightTransform0019._X=_skinWeightTransform0019._X+ATTR1.z*skinBones[_Indices0019.z];_skinWeightTransform0019._Y=_skinWeightTransform0019._Y+ATTR1.z*skinBones[(_Indices0019.z+1)];_skinWeightTransform0019._Z=_skinWeightTransform0019._Z+ATTR1.z*skinBones[(_Indices0019.z+2)];_skinWeightTransform0019._X=_skinWeightTransform0019._X+ATTR1.w*skinBones[_Indices0019.w];_skinWeightTransform0019._Y=_skinWeightTransform0019._Y+ATTR1.w*skinBones[(_Indices0019.w+1)];_skinWeightTransform0019._Z=_skinWeightTransform0019._Z+ATTR1.w*skinBones[(_Indices0019.w+2)];_skinTempPosition=vec4(ATTR0.x,ATTR0.y,ATTR0.z,1.0);_Position.x=dot(_skinTempPosition,_skinWeightTransform0019._X);_Position.y=dot(_skinTempPosition,_skinWeightTransform0019._Y);_Position.z=dot(_skinTempPosition,_skinWeightTransform0019._Z);_worldPosition=_Position.xxx*world[0]+_Position.yyy*world[1]+_Position.zzz*world[2]+world[3];_OUT._Position9=_worldPosition.xxxx*viewProjection[0]+_worldPosition.yyyy*viewProjection[1]+_worldPosition.zzzz*viewProjection[2]+viewProjection[3];_OUT._UVDepth4.xy=ATTR8.xx*uvTransform[0]+ATTR8.yy*uvTransform[1]+uvTransform[2];_b0033=vec4(_worldPosition.x,_worldPosition.y,_worldPosition.z,1.0);_OUT._UVDepth4.z=dot(viewDepth,_b0033);tz_TexCoord[0].xyz=_OUT._UVDepth4;gl_Position=_OUT._Position9;tz_Color=materialColor;}"},"vp_glowmap":{"type": "vertex","code": "#ifdef GL_ES\n#define TZ_LOWP lowp\nprecision mediump float;\nprecision mediump int;\n#else\n#define TZ_LOWP\n#endif\nvarying TZ_LOWP vec4 tz_Color;varying vec4 tz_TexCoord[1];attribute vec4 ATTR0;attribute vec4 ATTR8;\nstruct VP_GLOWMAP_OUT{vec4 _Position7;vec4 _Color4;vec3 _UVDepth4;};vec4 _b0024;uniform vec2 uvTransform[3];uniform vec4 viewProjection[4];uniform vec3 world[4];uniform vec4 viewDepth;uniform vec4 materialColor;void main()\n{VP_GLOWMAP_OUT _OUT;vec3 _worldPosition;_worldPosition=ATTR0.xxx*world[0]+ATTR0.yyy*world[1]+ATTR0.zzz*world[2]+world[3];_OUT._Position7=_worldPosition.xxxx*viewProjection[0]+_worldPosition.yyyy*viewProjection[1]+_worldPosition.zzzz*viewProjection[2]+viewProjection[3];_OUT._UVDepth4.xy=ATTR8.xx*uvTransform[0]+ATTR8.yy*uvTransform[1]+uvTransform[2];_b0024=vec4(_worldPosition.x,_worldPosition.y,_worldPosition.z,1.0);_OUT._UVDepth4.z=dot(viewDepth,_b0024);tz_TexCoord[0].xyz=_OUT._UVDepth4;gl_Position=_OUT._Position7;tz_Color=materialColor;}"},"fp_normalmap_glowmap":{"type": "fragment","code": "#extension GL_EXT_draw_buffers:require\n#ifdef GL_ES\n#define TZ_LOWP lowp\nprecision mediump float;\nprecision mediump int;\n#else\n#define TZ_LOWP\n#endif\nvarying TZ_LOWP vec4 tz_Color;varying vec4 tz_TexCoord[4];struct FP_DEFERRED_OUT{vec4 _albedo1;vec4 _specular;vec4 _normal1;vec4 _depth;};float _TMP14;float _TMP2;vec4 _TMP1;vec3 _TMP7;float _TMP6;float _TMP5;float _TMP4;float _TMP13;float _TMP12;float _TMP11;vec4 _TMP3;float _TMP10;float _TMP9;vec3 _TMP33;vec3 _v0038;vec3 _n0044;vec3 _x0052;vec4 _enc0066;float _TMP69;uniform sampler2D diffuse;uniform sampler2D normal_map;uniform sampler2D glow_map;void main()\n{FP_DEFERRED_OUT _OUT;vec3 _Nn;vec4 _albedo;vec3 _glow;vec3 _TMP31;_TMP3=texture2D(normal_map,tz_TexCoord[0].xy);_v0038=2.0*_TMP3.xyz-1.0;_TMP9=dot(_v0038,_v0038);_TMP10=inversesqrt(_TMP9);_TMP33=_TMP10*_v0038;_TMP4=dot(tz_TexCoord[2].xyz,tz_TexCoord[2].xyz);_TMP5=dot(tz_TexCoord[3].xyz,tz_TexCoord[3].xyz);_TMP6=dot(tz_TexCoord[1].xyz,tz_TexCoord[1].xyz);_x0052=vec3(_TMP4,_TMP5,_TMP6);_TMP11=inversesqrt(_x0052.x);_TMP12=inversesqrt(_x0052.y);_TMP13=inversesqrt(_x0052.z);_TMP7=vec3(_TMP11,_TMP12,_TMP13);_n0044=_TMP33*_TMP7;_Nn=_n0044.xxx*tz_TexCoord[2].xyz+_n0044.yyy*tz_TexCoord[3].xyz+_n0044.zzz*tz_TexCoord[1].xyz;_albedo=texture2D(diffuse,tz_TexCoord[0].xy);_TMP1=texture2D(glow_map,tz_TexCoord[0].xy);_glow=tz_Color.xyz*_TMP1.xyz;_OUT._albedo1=_albedo+vec4(_glow.x,_glow.y,_glow.z,0.0);_TMP2=dot(_glow,_glow);_OUT._specular=vec4(0.0,0.0,0.0,1.0-_TMP2);_TMP31=_Nn*0.5+0.5;_OUT._normal1=vec4(_TMP31.x,_TMP31.y,_TMP31.z,1.0);_TMP14=min(1.0,tz_TexCoord[0].z);_TMP69=max(0.0,_TMP14);_enc0066=_TMP69*vec4(1.0,255.0,6.50250000E+004,1.65813750E+007);_enc0066=fract(_enc0066);_enc0066=_enc0066-_enc0066.yzww*vec4(3.92156886E-003,3.92156886E-003,3.92156886E-003,0.0);gl_FragData[3]=_enc0066;gl_FragData[1]=_OUT._specular;gl_FragData[2]=_OUT._normal1;gl_FragData[0]=_OUT._albedo1;}"},"vp_normalmap_skinned":{"type": "vertex","code": "#ifdef GL_ES\n#define TZ_LOWP lowp\nprecision mediump float;\nprecision mediump int;\n#else\n#define TZ_LOWP\n#endif\nvarying TZ_LOWP vec4 tz_Color;varying vec4 tz_TexCoord[4];attribute vec4 ATTR0;attribute vec3 ATTR2;attribute vec4 ATTR8;attribute vec4 ATTR14;attribute vec4 ATTR15;\nstruct VP_NORMALMAP_OUT{vec4 _Position6;vec4 _Color2;vec3 _UVDepth2;vec3 _Normal7;vec3 _Tangent3;vec3 _Binormal3;};struct SkinTransform{vec4 _X;vec4 _Y;vec4 _Z;};float _TMP1;float _TMP0;vec4 _indices0021;ivec4 _Indices0021;SkinTransform _skinWeightTransform0021;vec4 _b0071;attribute vec4 ATTR7;attribute vec4 ATTR1;uniform vec2 uvTransform[3];uniform vec4 viewProjection[4];uniform vec3 world[4];uniform vec3 worldViewInverseTranspose[3];uniform vec4 viewDepth;uniform vec4 materialColor;uniform vec4 skinBones[225];void main()\n{VP_NORMALMAP_OUT _OUT;vec4 _skinTempPosition;vec3 _Position;vec3 _Normal;vec3 _Tangent;vec3 _Binormal;vec3 _worldPosition;_indices0021=ATTR7*3.0;_Indices0021=ivec4(int(_indices0021.x),int(_indices0021.y),int(_indices0021.z),int(_indices0021.w));_skinWeightTransform0021._X=ATTR1.x*skinBones[_Indices0021.x];_skinWeightTransform0021._Y=ATTR1.x*skinBones[(_Indices0021.x+1)];_skinWeightTransform0021._Z=ATTR1.x*skinBones[(_Indices0021.x+2)];_skinWeightTransform0021._X=_skinWeightTransform0021._X+ATTR1.y*skinBones[_Indices0021.y];_skinWeightTransform0021._Y=_skinWeightTransform0021._Y+ATTR1.y*skinBones[(_Indices0021.y+1)];_skinWeightTransform0021._Z=_skinWeightTransform0021._Z+ATTR1.y*skinBones[(_Indices0021.y+2)];_skinWeightTransform0021._X=_skinWeightTransform0021._X+ATTR1.z*skinBones[_Indices0021.z];_skinWeightTransform0021._Y=_skinWeightTransform0021._Y+ATTR1.z*skinBones[(_Indices0021.z+1)];_skinWeightTransform0021._Z=_skinWeightTransform0021._Z+ATTR1.z*skinBones[(_Indices0021.z+2)];_skinWeightTransform0021._X=_skinWeightTransform0021._X+ATTR1.w*skinBones[_Indices0021.w];_skinWeightTransform0021._Y=_skinWeightTransform0021._Y+ATTR1.w*skinBones[(_Indices0021.w+1)];_skinWeightTransform0021._Z=_skinWeightTransform0021._Z+ATTR1.w*skinBones[(_Indices0021.w+2)];_skinTempPosition=vec4(ATTR0.x,ATTR0.y,ATTR0.z,1.0);_Position.x=dot(_skinTempPosition,_skinWeightTransform0021._X);_Position.y=dot(_skinTempPosition,_skinWeightTransform0021._Y);_Position.z=dot(_skinTempPosition,_skinWeightTransform0021._Z);_Normal.x=dot(ATTR2.xyz,_skinWeightTransform0021._X.xyz);_Normal.y=dot(ATTR2.xyz,_skinWeightTransform0021._Y.xyz);_Normal.z=dot(ATTR2.xyz,_skinWeightTransform0021._Z.xyz);_Tangent.x=dot(ATTR14.xyz,_skinWeightTransform0021._X.xyz);_Tangent.y=dot(ATTR14.xyz,_skinWeightTransform0021._Y.xyz);_Tangent.z=dot(ATTR14.xyz,_skinWeightTransform0021._Z.xyz);_Binormal.x=dot(ATTR15.xyz,_skinWeightTransform0021._X.xyz);_Binormal.y=dot(ATTR15.xyz,_skinWeightTransform0021._Y.xyz);_Binormal.z=dot(ATTR15.xyz,_skinWeightTransform0021._Z.xyz);_TMP0=dot(_Normal,_Normal);_TMP1=inversesqrt(_TMP0);_Normal=_TMP1*_Normal;_TMP0=dot(_Tangent,_Tangent);_TMP1=inversesqrt(_TMP0);_Tangent=_TMP1*_Tangent;_TMP0=dot(_Binormal,_Binormal);_TMP1=inversesqrt(_TMP0);_Binormal=_TMP1*_Binormal;_worldPosition=_Position.xxx*world[0]+_Position.yyy*world[1]+_Position.zzz*world[2]+world[3];_OUT._Position6=_worldPosition.xxxx*viewProjection[0]+_worldPosition.yyyy*viewProjection[1]+_worldPosition.zzzz*viewProjection[2]+viewProjection[3];_OUT._UVDepth2.xy=ATTR8.xx*uvTransform[0]+ATTR8.yy*uvTransform[1]+uvTransform[2];_b0071=vec4(_worldPosition.x,_worldPosition.y,_worldPosition.z,1.0);_OUT._UVDepth2.z=dot(viewDepth,_b0071);_OUT._Normal7=_Normal.xxx*worldViewInverseTranspose[0]+_Normal.yyy*worldViewInverseTranspose[1]+_Normal.zzz*worldViewInverseTranspose[2];_OUT._Tangent3=_Tangent.xxx*worldViewInverseTranspose[0]+_Tangent.yyy*worldViewInverseTranspose[1]+_Tangent.zzz*worldViewInverseTranspose[2];_OUT._Binormal3=_Binormal.xxx*worldViewInverseTranspose[0]+_Binormal.yyy*worldViewInverseTranspose[1]+_Binormal.zzz*worldViewInverseTranspose[2];tz_TexCoord[2].xyz=_OUT._Tangent3;tz_TexCoord[0].xyz=_OUT._UVDepth2;tz_TexCoord[3].xyz=_OUT._Binormal3;tz_TexCoord[1].xyz=_OUT._Normal7;gl_Position=_OUT._Position6;tz_Color=materialColor;}"},"fp_normalmap_specularmap_glowmap":{"type": "fragment","code": "#extension GL_EXT_draw_buffers:require\n#ifdef GL_ES\n#define TZ_LOWP lowp\nprecision mediump float;\nprecision mediump int;\n#else\n#define TZ_LOWP\n#endif\nvarying TZ_LOWP vec4 tz_Color;varying vec4 tz_TexCoord[4];struct FP_DEFERRED_OUT{vec4 _albedo1;vec4 _specular;vec4 _normal1;vec4 _depth;};float _TMP15;float _TMP3;vec4 _TMP2;vec4 _TMP1;vec3 _TMP8;float _TMP7;float _TMP6;float _TMP5;float _TMP14;float _TMP13;float _TMP12;vec4 _TMP4;float _TMP11;float _TMP10;vec3 _TMP35;vec3 _v0040;vec3 _n0046;vec3 _x0054;vec4 _enc0070;float _TMP73;uniform sampler2D diffuse;uniform sampler2D normal_map;uniform sampler2D specular_map;uniform sampler2D glow_map;void main()\n{FP_DEFERRED_OUT _OUT;vec3 _Nn;vec4 _albedo;vec3 _glow;vec3 _TMP32;_TMP4=texture2D(normal_map,tz_TexCoord[0].xy);_v0040=2.0*_TMP4.xyz-1.0;_TMP10=dot(_v0040,_v0040);_TMP11=inversesqrt(_TMP10);_TMP35=_TMP11*_v0040;_TMP5=dot(tz_TexCoord[2].xyz,tz_TexCoord[2].xyz);_TMP6=dot(tz_TexCoord[3].xyz,tz_TexCoord[3].xyz);_TMP7=dot(tz_TexCoord[1].xyz,tz_TexCoord[1].xyz);_x0054=vec3(_TMP5,_TMP6,_TMP7);_TMP12=inversesqrt(_x0054.x);_TMP13=inversesqrt(_x0054.y);_TMP14=inversesqrt(_x0054.z);_TMP8=vec3(_TMP12,_TMP13,_TMP14);_n0046=_TMP35*_TMP8;_Nn=_n0046.xxx*tz_TexCoord[2].xyz+_n0046.yyy*tz_TexCoord[3].xyz+_n0046.zzz*tz_TexCoord[1].xyz;_albedo=texture2D(diffuse,tz_TexCoord[0].xy);_TMP1=texture2D(glow_map,tz_TexCoord[0].xy);_glow=tz_Color.xyz*_TMP1.xyz;_OUT._albedo1=_albedo+vec4(_glow.x,_glow.y,_glow.z,0.0);_TMP2=texture2D(specular_map,tz_TexCoord[0].xy);_TMP3=dot(_glow,_glow);_OUT._specular=vec4(_TMP2.x,_TMP2.y,_TMP2.z,1.0-_TMP3);_TMP32=_Nn*0.5+0.5;_OUT._normal1=vec4(_TMP32.x,_TMP32.y,_TMP32.z,1.0);_TMP15=min(1.0,tz_TexCoord[0].z);_TMP73=max(0.0,_TMP15);_enc0070=_TMP73*vec4(1.0,255.0,6.50250000E+004,1.65813750E+007);_enc0070=fract(_enc0070);_enc0070=_enc0070-_enc0070.yzww*vec4(3.92156886E-003,3.92156886E-003,3.92156886E-003,0.0);gl_FragData[3]=_enc0070;gl_FragData[1]=_OUT._specular;gl_FragData[2]=_OUT._normal1;gl_FragData[0]=_OUT._albedo1;}"},"fp_normalmap_specularmap_alphatest":{"type": "fragment","code": "#extension GL_EXT_draw_buffers:require\n#ifdef GL_ES\n#define TZ_LOWP lowp\nprecision mediump float;\nprecision mediump int;\n#else\n#define TZ_LOWP\n#endif\nvarying TZ_LOWP vec4 tz_Color;varying vec4 tz_TexCoord[4];struct FP_DEFERRED_OUT{vec4 _albedo;vec4 _specular;vec4 _normal1;vec4 _depth;};float _TMP13;vec4 _TMP1;vec3 _TMP6;float _TMP5;float _TMP4;float _TMP3;float _TMP12;float _TMP11;float _TMP10;vec4 _TMP2;float _TMP9;float _TMP8;vec3 _TMP34;vec3 _v0039;vec3 _n0045;vec3 _x0053;vec4 _enc0063;float _TMP66;uniform float alphaRef;uniform sampler2D diffuse;uniform sampler2D normal_map;uniform sampler2D specular_map;void main()\n{FP_DEFERRED_OUT _OUT;vec4 _diffuseColor;vec3 _Nn;vec3 _TMP30;vec3 _TMP31;_diffuseColor=texture2D(diffuse,tz_TexCoord[0].xy);if(_diffuseColor.w<alphaRef){discard;}\n_TMP2=texture2D(normal_map,tz_TexCoord[0].xy);_v0039=2.0*_TMP2.xyz-1.0;_TMP8=dot(_v0039,_v0039);_TMP9=inversesqrt(_TMP8);_TMP34=_TMP9*_v0039;_TMP3=dot(tz_TexCoord[2].xyz,tz_TexCoord[2].xyz);_TMP4=dot(tz_TexCoord[3].xyz,tz_TexCoord[3].xyz);_TMP5=dot(tz_TexCoord[1].xyz,tz_TexCoord[1].xyz);_x0053=vec3(_TMP3,_TMP4,_TMP5);_TMP10=inversesqrt(_x0053.x);_TMP11=inversesqrt(_x0053.y);_TMP12=inversesqrt(_x0053.z);_TMP6=vec3(_TMP10,_TMP11,_TMP12);_n0045=_TMP34*_TMP6;_Nn=_n0045.xxx*tz_TexCoord[2].xyz+_n0045.yyy*tz_TexCoord[3].xyz+_n0045.zzz*tz_TexCoord[1].xyz;_OUT._albedo=tz_Color*_diffuseColor;_TMP1=texture2D(specular_map,tz_TexCoord[0].xy);_TMP31=tz_Color.xyz*_TMP1.xyz;_OUT._specular=vec4(_TMP31.x,_TMP31.y,_TMP31.z,1.0);_TMP30=_Nn*0.5+0.5;_OUT._normal1=vec4(_TMP30.x,_TMP30.y,_TMP30.z,1.0);_TMP13=min(1.0,tz_TexCoord[0].z);_TMP66=max(0.0,_TMP13);_enc0063=_TMP66*vec4(1.0,255.0,6.50250000E+004,1.65813750E+007);_enc0063=fract(_enc0063);_enc0063=_enc0063-_enc0063.yzww*vec4(3.92156886E-003,3.92156886E-003,3.92156886E-003,0.0);gl_FragData[3]=_enc0063;gl_FragData[1]=_OUT._specular;gl_FragData[2]=_OUT._normal1;gl_FragData[0]=_OUT._albedo;}"},"fp_normalmap_alphatest":{"type": "fragment","code": "#extension GL_EXT_draw_buffers:require\n#ifdef GL_ES\n#define TZ_LOWP lowp\nprecision mediump float;\nprecision mediump int;\n#else\n#define TZ_LOWP\n#endif\nvarying TZ_LOWP vec4 tz_Color;varying vec4 tz_TexCoord[4];struct FP_DEFERRED_OUT{vec4 _albedo;vec4 _specular;vec4 _normal1;vec4 _depth;};float _TMP12;vec3 _TMP5;float _TMP4;float _TMP3;float _TMP2;float _TMP11;float _TMP10;float _TMP9;vec4 _TMP1;float _TMP8;float _TMP7;vec3 _TMP32;vec3 _v0037;vec3 _n0043;vec3 _x0051;vec4 _enc0059;float _TMP62;uniform float alphaRef;uniform sampler2D diffuse;uniform sampler2D normal_map;void main()\n{FP_DEFERRED_OUT _OUT;vec4 _diffuseColor;vec3 _Nn;vec3 _TMP29;_diffuseColor=texture2D(diffuse,tz_TexCoord[0].xy);if(_diffuseColor.w<alphaRef){discard;}\n_TMP1=texture2D(normal_map,tz_TexCoord[0].xy);_v0037=2.0*_TMP1.xyz-1.0;_TMP7=dot(_v0037,_v0037);_TMP8=inversesqrt(_TMP7);_TMP32=_TMP8*_v0037;_TMP2=dot(tz_TexCoord[2].xyz,tz_TexCoord[2].xyz);_TMP3=dot(tz_TexCoord[3].xyz,tz_TexCoord[3].xyz);_TMP4=dot(tz_TexCoord[1].xyz,tz_TexCoord[1].xyz);_x0051=vec3(_TMP2,_TMP3,_TMP4);_TMP9=inversesqrt(_x0051.x);_TMP10=inversesqrt(_x0051.y);_TMP11=inversesqrt(_x0051.z);_TMP5=vec3(_TMP9,_TMP10,_TMP11);_n0043=_TMP32*_TMP5;_Nn=_n0043.xxx*tz_TexCoord[2].xyz+_n0043.yyy*tz_TexCoord[3].xyz+_n0043.zzz*tz_TexCoord[1].xyz;_OUT._albedo=tz_Color*_diffuseColor;_TMP29=_Nn*0.5+0.5;_OUT._normal1=vec4(_TMP29.x,_TMP29.y,_TMP29.z,1.0);_TMP12=min(1.0,tz_TexCoord[0].z);_TMP62=max(0.0,_TMP12);_enc0059=_TMP62*vec4(1.0,255.0,6.50250000E+004,1.65813750E+007);_enc0059=fract(_enc0059);_enc0059=_enc0059-_enc0059.yzww*vec4(3.92156886E-003,3.92156886E-003,3.92156886E-003,0.0);gl_FragData[3]=_enc0059;gl_FragData[1]=vec4(0.0,0.0,0.0,1.0);gl_FragData[2]=_OUT._normal1;gl_FragData[0]=_OUT._albedo;}"},"fp_normalmap_specularmap":{"type": "fragment","code": "#extension GL_EXT_draw_buffers:require\n#ifdef GL_ES\n#define TZ_LOWP lowp\nprecision mediump float;\nprecision mediump int;\n#else\n#define TZ_LOWP\n#endif\nvarying TZ_LOWP vec4 tz_Color;varying vec4 tz_TexCoord[4];struct FP_DEFERRED_OUT{vec4 _albedo;vec4 _specular;vec4 _normal1;vec4 _depth;};float _TMP14;vec4 _TMP2;vec4 _TMP1;vec3 _TMP7;float _TMP6;float _TMP5;float _TMP4;float _TMP13;float _TMP12;float _TMP11;vec4 _TMP3;float _TMP10;float _TMP9;vec3 _TMP33;vec3 _v0038;vec3 _n0044;vec3 _x0052;vec4 _enc0064;float _TMP67;uniform sampler2D diffuse;uniform sampler2D normal_map;uniform sampler2D specular_map;void main()\n{FP_DEFERRED_OUT _OUT;vec3 _Nn;vec3 _TMP31;vec3 _TMP32;_TMP3=texture2D(normal_map,tz_TexCoord[0].xy);_v0038=2.0*_TMP3.xyz-1.0;_TMP9=dot(_v0038,_v0038);_TMP10=inversesqrt(_TMP9);_TMP33=_TMP10*_v0038;_TMP4=dot(tz_TexCoord[2].xyz,tz_TexCoord[2].xyz);_TMP5=dot(tz_TexCoord[3].xyz,tz_TexCoord[3].xyz);_TMP6=dot(tz_TexCoord[1].xyz,tz_TexCoord[1].xyz);_x0052=vec3(_TMP4,_TMP5,_TMP6);_TMP11=inversesqrt(_x0052.x);_TMP12=inversesqrt(_x0052.y);_TMP13=inversesqrt(_x0052.z);_TMP7=vec3(_TMP11,_TMP12,_TMP13);_n0044=_TMP33*_TMP7;_Nn=_n0044.xxx*tz_TexCoord[2].xyz+_n0044.yyy*tz_TexCoord[3].xyz+_n0044.zzz*tz_TexCoord[1].xyz;_TMP1=texture2D(diffuse,tz_TexCoord[0].xy);_OUT._albedo=tz_Color*_TMP1;_TMP2=texture2D(specular_map,tz_TexCoord[0].xy);_TMP32=tz_Color.xyz*_TMP2.xyz;_OUT._specular=vec4(_TMP32.x,_TMP32.y,_TMP32.z,1.0);_TMP31=_Nn*0.5+0.5;_OUT._normal1=vec4(_TMP31.x,_TMP31.y,_TMP31.z,1.0);_TMP14=min(1.0,tz_TexCoord[0].z);_TMP67=max(0.0,_TMP14);_enc0064=_TMP67*vec4(1.0,255.0,6.50250000E+004,1.65813750E+007);_enc0064=fract(_enc0064);_enc0064=_enc0064-_enc0064.yzww*vec4(3.92156886E-003,3.92156886E-003,3.92156886E-003,0.0);gl_FragData[3]=_enc0064;gl_FragData[1]=_OUT._specular;gl_FragData[2]=_OUT._normal1;gl_FragData[0]=_OUT._albedo;}"},"fp_normalmap":{"type": "fragment","code": "#extension GL_EXT_draw_buffers:require\n#ifdef GL_ES\n#define TZ_LOWP lowp\nprecision mediump float;\nprecision mediump int;\n#else\n#define TZ_LOWP\n#endif\nvarying TZ_LOWP vec4 tz_Color;varying vec4 tz_TexCoord[4];struct FP_DEFERRED_OUT{vec4 _albedo;vec4 _specular;vec4 _normal1;vec4 _depth;};float _TMP13;vec4 _TMP1;vec3 _TMP6;float _TMP5;float _TMP4;float _TMP3;float _TMP12;float _TMP11;float _TMP10;vec4 _TMP2;float _TMP9;float _TMP8;vec3 _TMP31;vec3 _v0036;vec3 _n0042;vec3 _x0050;vec4 _enc0060;float _TMP63;uniform sampler2D diffuse;uniform sampler2D normal_map;void main()\n{FP_DEFERRED_OUT _OUT;vec3 _Nn;vec3 _TMP30;_TMP2=texture2D(normal_map,tz_TexCoord[0].xy);_v0036=2.0*_TMP2.xyz-1.0;_TMP8=dot(_v0036,_v0036);_TMP9=inversesqrt(_TMP8);_TMP31=_TMP9*_v0036;_TMP3=dot(tz_TexCoord[2].xyz,tz_TexCoord[2].xyz);_TMP4=dot(tz_TexCoord[3].xyz,tz_TexCoord[3].xyz);_TMP5=dot(tz_TexCoord[1].xyz,tz_TexCoord[1].xyz);_x0050=vec3(_TMP3,_TMP4,_TMP5);_TMP10=inversesqrt(_x0050.x);_TMP11=inversesqrt(_x0050.y);_TMP12=inversesqrt(_x0050.z);_TMP6=vec3(_TMP10,_TMP11,_TMP12);_n0042=_TMP31*_TMP6;_Nn=_n0042.xxx*tz_TexCoord[2].xyz+_n0042.yyy*tz_TexCoord[3].xyz+_n0042.zzz*tz_TexCoord[1].xyz;_TMP1=texture2D(diffuse,tz_TexCoord[0].xy);_OUT._albedo=tz_Color*_TMP1;_TMP30=_Nn*0.5+0.5;_OUT._normal1=vec4(_TMP30.x,_TMP30.y,_TMP30.z,1.0);_TMP13=min(1.0,tz_TexCoord[0].z);_TMP63=max(0.0,_TMP13);_enc0060=_TMP63*vec4(1.0,255.0,6.50250000E+004,1.65813750E+007);_enc0060=fract(_enc0060);_enc0060=_enc0060-_enc0060.yzww*vec4(3.92156886E-003,3.92156886E-003,3.92156886E-003,0.0);gl_FragData[3]=_enc0060;gl_FragData[1]=vec4(0.0,0.0,0.0,1.0);gl_FragData[2]=_OUT._normal1;gl_FragData[0]=_OUT._albedo;}"},"vp_normalmap":{"type": "vertex","code": "#ifdef GL_ES\n#define TZ_LOWP lowp\nprecision mediump float;\nprecision mediump int;\n#else\n#define TZ_LOWP\n#endif\nvarying TZ_LOWP vec4 tz_Color;varying vec4 tz_TexCoord[4];attribute vec4 ATTR0;attribute vec3 ATTR2;attribute vec4 ATTR8;attribute vec4 ATTR14;attribute vec4 ATTR15;\nstruct VP_NORMALMAP_OUT{vec4 _Position4;vec4 _Color2;vec3 _UVDepth2;vec3 _Normal5;vec3 _Tangent1;vec3 _Binormal1;};vec4 _b0024;uniform vec2 uvTransform[3];uniform vec4 viewProjection[4];uniform vec3 world[4];uniform vec3 worldViewInverseTranspose[3];uniform vec4 viewDepth;uniform vec4 materialColor;void main()\n{VP_NORMALMAP_OUT _OUT;vec3 _worldPosition;_worldPosition=ATTR0.xxx*world[0]+ATTR0.yyy*world[1]+ATTR0.zzz*world[2]+world[3];_OUT._Position4=_worldPosition.xxxx*viewProjection[0]+_worldPosition.yyyy*viewProjection[1]+_worldPosition.zzzz*viewProjection[2]+viewProjection[3];_OUT._UVDepth2.xy=ATTR8.xx*uvTransform[0]+ATTR8.yy*uvTransform[1]+uvTransform[2];_b0024=vec4(_worldPosition.x,_worldPosition.y,_worldPosition.z,1.0);_OUT._UVDepth2.z=dot(viewDepth,_b0024);_OUT._Normal5=ATTR2.xxx*worldViewInverseTranspose[0]+ATTR2.yyy*worldViewInverseTranspose[1]+ATTR2.zzz*worldViewInverseTranspose[2];_OUT._Tangent1=ATTR14.xxx*worldViewInverseTranspose[0]+ATTR14.yyy*worldViewInverseTranspose[1]+ATTR14.zzz*worldViewInverseTranspose[2];_OUT._Binormal1=ATTR15.xxx*worldViewInverseTranspose[0]+ATTR15.yyy*worldViewInverseTranspose[1]+ATTR15.zzz*worldViewInverseTranspose[2];tz_TexCoord[2].xyz=_OUT._Tangent1;tz_TexCoord[0].xyz=_OUT._UVDepth2;tz_TexCoord[3].xyz=_OUT._Binormal1;tz_TexCoord[1].xyz=_OUT._Normal5;gl_Position=_OUT._Position4;tz_Color=materialColor;}"},"fp_normalmap_specularmap_alphamap":{"type": "fragment","code": "#extension GL_EXT_draw_buffers:require\n#ifdef GL_ES\n#define TZ_LOWP lowp\nprecision mediump float;\nprecision mediump int;\n#else\n#define TZ_LOWP\n#endif\nvarying TZ_LOWP vec4 tz_Color;varying vec4 tz_TexCoord[4];struct FP_DEFERRED_OUT{vec4 _albedo;vec4 _specular;vec4 _normal1;vec4 _depth;};float _TMP15;vec4 _TMP3;vec4 _TMP2;vec3 _TMP8;float _TMP7;float _TMP6;float _TMP5;float _TMP14;float _TMP13;float _TMP12;vec4 _TMP4;float _TMP11;float _TMP10;vec4 _TMP0;vec3 _TMP37;vec3 _v0042;vec3 _n0048;vec3 _x0056;vec4 _enc0068;float _TMP71;uniform float alphaRef;uniform sampler2D diffuse;uniform sampler2D normal_map;uniform sampler2D specular_map;uniform sampler2D alpha_map;void main()\n{FP_DEFERRED_OUT _OUT;float _alpha;vec3 _Nn;vec3 _TMP32;vec3 _TMP33;vec3 _TMP34;_TMP0=texture2D(alpha_map,tz_TexCoord[0].xy);_alpha=tz_Color.w*_TMP0.w;if(_alpha<alphaRef){discard;}\n_TMP4=texture2D(normal_map,tz_TexCoord[0].xy);_v0042=2.0*_TMP4.xyz-1.0;_TMP10=dot(_v0042,_v0042);_TMP11=inversesqrt(_TMP10);_TMP37=_TMP11*_v0042;_TMP5=dot(tz_TexCoord[2].xyz,tz_TexCoord[2].xyz);_TMP6=dot(tz_TexCoord[3].xyz,tz_TexCoord[3].xyz);_TMP7=dot(tz_TexCoord[1].xyz,tz_TexCoord[1].xyz);_x0056=vec3(_TMP5,_TMP6,_TMP7);_TMP12=inversesqrt(_x0056.x);_TMP13=inversesqrt(_x0056.y);_TMP14=inversesqrt(_x0056.z);_TMP8=vec3(_TMP12,_TMP13,_TMP14);_n0048=_TMP37*_TMP8;_Nn=_n0048.xxx*tz_TexCoord[2].xyz+_n0048.yyy*tz_TexCoord[3].xyz+_n0048.zzz*tz_TexCoord[1].xyz;_TMP2=texture2D(diffuse,tz_TexCoord[0].xy);_TMP34=tz_Color.xyz*_TMP2.xyz;_OUT._albedo=vec4(_TMP34.x,_TMP34.y,_TMP34.z,_alpha);_TMP3=texture2D(specular_map,tz_TexCoord[0].xy);_TMP33=tz_Color.xyz*_TMP3.xyz;_OUT._specular=vec4(_TMP33.x,_TMP33.y,_TMP33.z,1.0);_TMP32=_Nn*0.5+0.5;_OUT._normal1=vec4(_TMP32.x,_TMP32.y,_TMP32.z,1.0);_TMP15=min(1.0,tz_TexCoord[0].z);_TMP71=max(0.0,_TMP15);_enc0068=_TMP71*vec4(1.0,255.0,6.50250000E+004,1.65813750E+007);_enc0068=fract(_enc0068);_enc0068=_enc0068-_enc0068.yzww*vec4(3.92156886E-003,3.92156886E-003,3.92156886E-003,0.0);gl_FragData[3]=_enc0068;gl_FragData[1]=_OUT._specular;gl_FragData[2]=_OUT._normal1;gl_FragData[0]=_OUT._albedo;}"},"fp_rxgb_normalmap_glowmap":{"type": "fragment","code": "#extension GL_EXT_draw_buffers:require\n#ifdef GL_ES\n#define TZ_LOWP lowp\nprecision mediump float;\nprecision mediump int;\n#else\n#define TZ_LOWP\n#endif\nvarying TZ_LOWP vec4 tz_Color;varying vec4 tz_TexCoord[4];struct FP_DEFERRED_OUT{vec4 _albedo1;vec4 _specular;vec4 _normal2;vec4 _depth;};float _TMP14;float _TMP2;vec4 _TMP1;vec3 _TMP7;float _TMP6;float _TMP5;float _TMP4;float _TMP13;float _TMP12;float _TMP11;vec4 _TMP3;float _TMP10;float _TMP9;vec3 _normal0034;vec3 _v0038;vec3 _n0044;vec3 _x0052;vec4 _enc0066;float _TMP69;uniform sampler2D diffuse;uniform sampler2D normal_map;uniform sampler2D glow_map;void main()\n{FP_DEFERRED_OUT _OUT;vec3 _Nn;vec4 _albedo;vec3 _glow;vec3 _TMP31;_TMP3=texture2D(normal_map,tz_TexCoord[0].xy);_v0038=2.0*_TMP3.wyz-1.0;_TMP9=dot(_v0038,_v0038);_TMP10=inversesqrt(_TMP9);_normal0034=_TMP10*_v0038;_TMP4=dot(tz_TexCoord[2].xyz,tz_TexCoord[2].xyz);_TMP5=dot(tz_TexCoord[3].xyz,tz_TexCoord[3].xyz);_TMP6=dot(tz_TexCoord[1].xyz,tz_TexCoord[1].xyz);_x0052=vec3(_TMP4,_TMP5,_TMP6);_TMP11=inversesqrt(_x0052.x);_TMP12=inversesqrt(_x0052.y);_TMP13=inversesqrt(_x0052.z);_TMP7=vec3(_TMP11,_TMP12,_TMP13);_n0044=_normal0034*_TMP7;_Nn=_n0044.xxx*tz_TexCoord[2].xyz+_n0044.yyy*tz_TexCoord[3].xyz+_n0044.zzz*tz_TexCoord[1].xyz;_albedo=texture2D(diffuse,tz_TexCoord[0].xy);_TMP1=texture2D(glow_map,tz_TexCoord[0].xy);_glow=tz_Color.xyz*_TMP1.xyz;_OUT._albedo1=_albedo+vec4(_glow.x,_glow.y,_glow.z,0.0);_TMP2=dot(_glow,_glow);_OUT._specular=vec4(0.0,0.0,0.0,1.0-_TMP2);_TMP31=_Nn*0.5+0.5;_OUT._normal2=vec4(_TMP31.x,_TMP31.y,_TMP31.z,1.0);_TMP14=min(1.0,tz_TexCoord[0].z);_TMP69=max(0.0,_TMP14);_enc0066=_TMP69*vec4(1.0,255.0,6.50250000E+004,1.65813750E+007);_enc0066=fract(_enc0066);_enc0066=_enc0066-_enc0066.yzww*vec4(3.92156886E-003,3.92156886E-003,3.92156886E-003,0.0);gl_FragData[3]=_enc0066;gl_FragData[1]=_OUT._specular;gl_FragData[2]=_OUT._normal2;gl_FragData[0]=_OUT._albedo1;}"},"fp_rxgb_normalmap_specularmap_glowmap":{"type": "fragment","code": "#extension GL_EXT_draw_buffers:require\n#ifdef GL_ES\n#define TZ_LOWP lowp\nprecision mediump float;\nprecision mediump int;\n#else\n#define TZ_LOWP\n#endif\nvarying TZ_LOWP vec4 tz_Color;varying vec4 tz_TexCoord[4];struct FP_DEFERRED_OUT{vec4 _albedo1;vec4 _specular;vec4 _normal2;vec4 _depth;};float _TMP15;float _TMP3;vec4 _TMP2;vec4 _TMP1;vec3 _TMP8;float _TMP7;float _TMP6;float _TMP5;float _TMP14;float _TMP13;float _TMP12;vec4 _TMP4;float _TMP11;float _TMP10;vec3 _normal0036;vec3 _v0040;vec3 _n0046;vec3 _x0054;vec4 _enc0070;float _TMP73;uniform sampler2D diffuse;uniform sampler2D normal_map;uniform sampler2D specular_map;uniform sampler2D glow_map;void main()\n{FP_DEFERRED_OUT _OUT;vec3 _Nn;vec4 _albedo;vec3 _glow;vec3 _TMP32;_TMP4=texture2D(normal_map,tz_TexCoord[0].xy);_v0040=2.0*_TMP4.wyz-1.0;_TMP10=dot(_v0040,_v0040);_TMP11=inversesqrt(_TMP10);_normal0036=_TMP11*_v0040;_TMP5=dot(tz_TexCoord[2].xyz,tz_TexCoord[2].xyz);_TMP6=dot(tz_TexCoord[3].xyz,tz_TexCoord[3].xyz);_TMP7=dot(tz_TexCoord[1].xyz,tz_TexCoord[1].xyz);_x0054=vec3(_TMP5,_TMP6,_TMP7);_TMP12=inversesqrt(_x0054.x);_TMP13=inversesqrt(_x0054.y);_TMP14=inversesqrt(_x0054.z);_TMP8=vec3(_TMP12,_TMP13,_TMP14);_n0046=_normal0036*_TMP8;_Nn=_n0046.xxx*tz_TexCoord[2].xyz+_n0046.yyy*tz_TexCoord[3].xyz+_n0046.zzz*tz_TexCoord[1].xyz;_albedo=texture2D(diffuse,tz_TexCoord[0].xy);_TMP1=texture2D(glow_map,tz_TexCoord[0].xy);_glow=tz_Color.xyz*_TMP1.xyz;_OUT._albedo1=_albedo+vec4(_glow.x,_glow.y,_glow.z,0.0);_TMP2=texture2D(specular_map,tz_TexCoord[0].xy);_TMP3=dot(_glow,_glow);_OUT._specular=vec4(_TMP2.x,_TMP2.y,_TMP2.z,1.0-_TMP3);_TMP32=_Nn*0.5+0.5;_OUT._normal2=vec4(_TMP32.x,_TMP32.y,_TMP32.z,1.0);_TMP15=min(1.0,tz_TexCoord[0].z);_TMP73=max(0.0,_TMP15);_enc0070=_TMP73*vec4(1.0,255.0,6.50250000E+004,1.65813750E+007);_enc0070=fract(_enc0070);_enc0070=_enc0070-_enc0070.yzww*vec4(3.92156886E-003,3.92156886E-003,3.92156886E-003,0.0);gl_FragData[3]=_enc0070;gl_FragData[1]=_OUT._specular;gl_FragData[2]=_OUT._normal2;gl_FragData[0]=_OUT._albedo1;}"},"fp_rxgb_normalmap_specularmap_alphatest":{"type": "fragment","code": "#extension GL_EXT_draw_buffers:require\n#ifdef GL_ES\n#define TZ_LOWP lowp\nprecision mediump float;\nprecision mediump int;\n#else\n#define TZ_LOWP\n#endif\nvarying TZ_LOWP vec4 tz_Color;varying vec4 tz_TexCoord[4];struct FP_DEFERRED_OUT{vec4 _albedo;vec4 _specular;vec4 _normal2;vec4 _depth;};float _TMP13;vec4 _TMP1;vec3 _TMP6;float _TMP5;float _TMP4;float _TMP3;float _TMP12;float _TMP11;float _TMP10;vec4 _TMP2;float _TMP9;float _TMP8;vec3 _normal0035;vec3 _v0039;vec3 _n0045;vec3 _x0053;vec4 _enc0063;float _TMP66;uniform float alphaRef;uniform sampler2D diffuse;uniform sampler2D normal_map;uniform sampler2D specular_map;void main()\n{FP_DEFERRED_OUT _OUT;vec4 _diffuseColor;vec3 _Nn;vec3 _TMP30;vec3 _TMP31;_diffuseColor=texture2D(diffuse,tz_TexCoord[0].xy);if(_diffuseColor.w<alphaRef){discard;}\n_TMP2=texture2D(normal_map,tz_TexCoord[0].xy);_v0039=2.0*_TMP2.wyz-1.0;_TMP8=dot(_v0039,_v0039);_TMP9=inversesqrt(_TMP8);_normal0035=_TMP9*_v0039;_TMP3=dot(tz_TexCoord[2].xyz,tz_TexCoord[2].xyz);_TMP4=dot(tz_TexCoord[3].xyz,tz_TexCoord[3].xyz);_TMP5=dot(tz_TexCoord[1].xyz,tz_TexCoord[1].xyz);_x0053=vec3(_TMP3,_TMP4,_TMP5);_TMP10=inversesqrt(_x0053.x);_TMP11=inversesqrt(_x0053.y);_TMP12=inversesqrt(_x0053.z);_TMP6=vec3(_TMP10,_TMP11,_TMP12);_n0045=_normal0035*_TMP6;_Nn=_n0045.xxx*tz_TexCoord[2].xyz+_n0045.yyy*tz_TexCoord[3].xyz+_n0045.zzz*tz_TexCoord[1].xyz;_OUT._albedo=tz_Color*_diffuseColor;_TMP1=texture2D(specular_map,tz_TexCoord[0].xy);_TMP31=tz_Color.xyz*_TMP1.xyz;_OUT._specular=vec4(_TMP31.x,_TMP31.y,_TMP31.z,1.0);_TMP30=_Nn*0.5+0.5;_OUT._normal2=vec4(_TMP30.x,_TMP30.y,_TMP30.z,1.0);_TMP13=min(1.0,tz_TexCoord[0].z);_TMP66=max(0.0,_TMP13);_enc0063=_TMP66*vec4(1.0,255.0,6.50250000E+004,1.65813750E+007);_enc0063=fract(_enc0063);_enc0063=_enc0063-_enc0063.yzww*vec4(3.92156886E-003,3.92156886E-003,3.92156886E-003,0.0);gl_FragData[3]=_enc0063;gl_FragData[1]=_OUT._specular;gl_FragData[2]=_OUT._normal2;gl_FragData[0]=_OUT._albedo;}"},"fp_rxgb_normalmap_specularmap":{"type": "fragment","code": "#extension GL_EXT_draw_buffers:require\n#ifdef GL_ES\n#define TZ_LOWP lowp\nprecision mediump float;\nprecision mediump int;\n#else\n#define TZ_LOWP\n#endif\nvarying TZ_LOWP vec4 tz_Color;varying vec4 tz_TexCoord[4];struct FP_DEFERRED_OUT{vec4 _albedo;vec4 _specular;vec4 _normal2;vec4 _depth;};float _TMP14;vec4 _TMP2;vec4 _TMP1;vec3 _TMP7;float _TMP6;float _TMP5;float _TMP4;float _TMP13;float _TMP12;float _TMP11;vec4 _TMP3;float _TMP10;float _TMP9;vec3 _normal0034;vec3 _v0038;vec3 _n0044;vec3 _x0052;vec4 _enc0064;float _TMP67;uniform sampler2D diffuse;uniform sampler2D normal_map;uniform sampler2D specular_map;void main()\n{FP_DEFERRED_OUT _OUT;vec3 _Nn;vec3 _TMP31;vec3 _TMP32;_TMP3=texture2D(normal_map,tz_TexCoord[0].xy);_v0038=2.0*_TMP3.wyz-1.0;_TMP9=dot(_v0038,_v0038);_TMP10=inversesqrt(_TMP9);_normal0034=_TMP10*_v0038;_TMP4=dot(tz_TexCoord[2].xyz,tz_TexCoord[2].xyz);_TMP5=dot(tz_TexCoord[3].xyz,tz_TexCoord[3].xyz);_TMP6=dot(tz_TexCoord[1].xyz,tz_TexCoord[1].xyz);_x0052=vec3(_TMP4,_TMP5,_TMP6);_TMP11=inversesqrt(_x0052.x);_TMP12=inversesqrt(_x0052.y);_TMP13=inversesqrt(_x0052.z);_TMP7=vec3(_TMP11,_TMP12,_TMP13);_n0044=_normal0034*_TMP7;_Nn=_n0044.xxx*tz_TexCoord[2].xyz+_n0044.yyy*tz_TexCoord[3].xyz+_n0044.zzz*tz_TexCoord[1].xyz;_TMP1=texture2D(diffuse,tz_TexCoord[0].xy);_OUT._albedo=tz_Color*_TMP1;_TMP2=texture2D(specular_map,tz_TexCoord[0].xy);_TMP32=tz_Color.xyz*_TMP2.xyz;_OUT._specular=vec4(_TMP32.x,_TMP32.y,_TMP32.z,1.0);_TMP31=_Nn*0.5+0.5;_OUT._normal2=vec4(_TMP31.x,_TMP31.y,_TMP31.z,1.0);_TMP14=min(1.0,tz_TexCoord[0].z);_TMP67=max(0.0,_TMP14);_enc0064=_TMP67*vec4(1.0,255.0,6.50250000E+004,1.65813750E+007);_enc0064=fract(_enc0064);_enc0064=_enc0064-_enc0064.yzww*vec4(3.92156886E-003,3.92156886E-003,3.92156886E-003,0.0);gl_FragData[3]=_enc0064;gl_FragData[1]=_OUT._specular;gl_FragData[2]=_OUT._normal2;gl_FragData[0]=_OUT._albedo;}"},"fp_blinn":{"type": "fragment","code": "#extension GL_EXT_draw_buffers:require\n#ifdef GL_ES\n#define TZ_LOWP lowp\nprecision mediump float;\nprecision mediump int;\n#else\n#define TZ_LOWP\n#endif\nvarying TZ_LOWP vec4 tz_Color;varying vec4 tz_TexCoord[2];struct FP_DEFERRED_OUT{vec4 _albedo;vec4 _specular;vec4 _normal;vec4 _depth;};float _TMP4;vec4 _TMP0;float _TMP2;float _TMP1;vec4 _enc0031;float _TMP34;uniform sampler2D diffuse;void main()\n{FP_DEFERRED_OUT _OUT;vec3 _Nn;vec3 _TMP21;_TMP1=dot(tz_TexCoord[1].xyz,tz_TexCoord[1].xyz);_TMP2=inversesqrt(_TMP1);_Nn=_TMP2*tz_TexCoord[1].xyz;_TMP0=texture2D(diffuse,tz_TexCoord[0].xy);_OUT._albedo=tz_Color*_TMP0;_TMP21=_Nn*0.5+0.5;_OUT._normal=vec4(_TMP21.x,_TMP21.y,_TMP21.z,1.0);_TMP4=min(1.0,tz_TexCoord[0].z);_TMP34=max(0.0,_TMP4);_enc0031=_TMP34*vec4(1.0,255.0,6.50250000E+004,1.65813750E+007);_enc0031=fract(_enc0031);_enc0031=_enc0031-_enc0031.yzww*vec4(3.92156886E-003,3.92156886E-003,3.92156886E-003,0.0);gl_FragData[3]=_enc0031;gl_FragData[1]=vec4(0.0,0.0,0.0,1.0);gl_FragData[2]=_OUT._normal;gl_FragData[0]=_OUT._albedo;}"},"vp_blinn_skinned":{"type": "vertex","code": "#ifdef GL_ES\n#define TZ_LOWP lowp\nprecision mediump float;\nprecision mediump int;\n#else\n#define TZ_LOWP\n#endif\nvarying TZ_LOWP vec4 tz_Color;varying vec4 tz_TexCoord[2];attribute vec4 ATTR0;attribute vec3 ATTR2;attribute vec4 ATTR8;\nstruct VP_BLINN_OUT{vec4 _Position3;vec4 _Color;vec3 _UVDepth;vec3 _Normal3;};struct SkinTransform{vec4 _X;vec4 _Y;vec4 _Z;};float _TMP1;float _TMP0;vec4 _indices0021;ivec4 _Indices0021;SkinTransform _skinWeightTransform0021;vec4 _b0047;attribute vec4 ATTR7;attribute vec4 ATTR1;uniform vec2 uvTransform[3];uniform vec4 viewProjection[4];uniform vec3 world[4];uniform vec3 worldViewInverseTranspose[3];uniform vec4 viewDepth;uniform vec4 materialColor;uniform vec4 skinBones[225];void main()\n{VP_BLINN_OUT _OUT;vec4 _skinTempPosition;vec3 _Position;vec3 _Normal;vec3 _worldPosition;_indices0021=ATTR7*3.0;_Indices0021=ivec4(int(_indices0021.x),int(_indices0021.y),int(_indices0021.z),int(_indices0021.w));_skinWeightTransform0021._X=ATTR1.x*skinBones[_Indices0021.x];_skinWeightTransform0021._Y=ATTR1.x*skinBones[(_Indices0021.x+1)];_skinWeightTransform0021._Z=ATTR1.x*skinBones[(_Indices0021.x+2)];_skinWeightTransform0021._X=_skinWeightTransform0021._X+ATTR1.y*skinBones[_Indices0021.y];_skinWeightTransform0021._Y=_skinWeightTransform0021._Y+ATTR1.y*skinBones[(_Indices0021.y+1)];_skinWeightTransform0021._Z=_skinWeightTransform0021._Z+ATTR1.y*skinBones[(_Indices0021.y+2)];_skinWeightTransform0021._X=_skinWeightTransform0021._X+ATTR1.z*skinBones[_Indices0021.z];_skinWeightTransform0021._Y=_skinWeightTransform0021._Y+ATTR1.z*skinBones[(_Indices0021.z+1)];_skinWeightTransform0021._Z=_skinWeightTransform0021._Z+ATTR1.z*skinBones[(_Indices0021.z+2)];_skinWeightTransform0021._X=_skinWeightTransform0021._X+ATTR1.w*skinBones[_Indices0021.w];_skinWeightTransform0021._Y=_skinWeightTransform0021._Y+ATTR1.w*skinBones[(_Indices0021.w+1)];_skinWeightTransform0021._Z=_skinWeightTransform0021._Z+ATTR1.w*skinBones[(_Indices0021.w+2)];_skinTempPosition=vec4(ATTR0.x,ATTR0.y,ATTR0.z,1.0);_Position.x=dot(_skinTempPosition,_skinWeightTransform0021._X);_Position.y=dot(_skinTempPosition,_skinWeightTransform0021._Y);_Position.z=dot(_skinTempPosition,_skinWeightTransform0021._Z);_Normal.x=dot(ATTR2.xyz,_skinWeightTransform0021._X.xyz);_Normal.y=dot(ATTR2.xyz,_skinWeightTransform0021._Y.xyz);_Normal.z=dot(ATTR2.xyz,_skinWeightTransform0021._Z.xyz);_TMP0=dot(_Normal,_Normal);_TMP1=inversesqrt(_TMP0);_Normal=_TMP1*_Normal;_worldPosition=_Position.xxx*world[0]+_Position.yyy*world[1]+_Position.zzz*world[2]+world[3];_OUT._Position3=_worldPosition.xxxx*viewProjection[0]+_worldPosition.yyyy*viewProjection[1]+_worldPosition.zzzz*viewProjection[2]+viewProjection[3];_OUT._UVDepth.xy=ATTR8.xx*uvTransform[0]+ATTR8.yy*uvTransform[1]+uvTransform[2];_b0047=vec4(_worldPosition.x,_worldPosition.y,_worldPosition.z,1.0);_OUT._UVDepth.z=dot(viewDepth,_b0047);_OUT._Normal3=_Normal.xxx*worldViewInverseTranspose[0]+_Normal.yyy*worldViewInverseTranspose[1]+_Normal.zzz*worldViewInverseTranspose[2];tz_TexCoord[0].xyz=_OUT._UVDepth;tz_TexCoord[1].xyz=_OUT._Normal3;gl_Position=_OUT._Position3;tz_Color=materialColor;}"},"vp_blinn":{"type": "vertex","code": "#ifdef GL_ES\n#define TZ_LOWP lowp\nprecision mediump float;\nprecision mediump int;\n#else\n#define TZ_LOWP\n#endif\nvarying TZ_LOWP vec4 tz_Color;varying vec4 tz_TexCoord[2];attribute vec4 ATTR0;attribute vec3 ATTR2;attribute vec4 ATTR8;\nstruct VP_BLINN_OUT{vec4 _Position2;vec4 _Color;vec3 _UVDepth;vec3 _Normal2;};vec4 _b0024;uniform vec2 uvTransform[3];uniform vec4 viewProjection[4];uniform vec3 world[4];uniform vec3 worldViewInverseTranspose[3];uniform vec4 viewDepth;uniform vec4 materialColor;void main()\n{VP_BLINN_OUT _OUT;vec3 _worldPosition;_worldPosition=ATTR0.xxx*world[0]+ATTR0.yyy*world[1]+ATTR0.zzz*world[2]+world[3];_OUT._Position2=_worldPosition.xxxx*viewProjection[0]+_worldPosition.yyyy*viewProjection[1]+_worldPosition.zzzz*viewProjection[2]+viewProjection[3];_OUT._UVDepth.xy=ATTR8.xx*uvTransform[0]+ATTR8.yy*uvTransform[1]+uvTransform[2];_b0024=vec4(_worldPosition.x,_worldPosition.y,_worldPosition.z,1.0);_OUT._UVDepth.z=dot(viewDepth,_b0024);_OUT._Normal2=ATTR2.xxx*worldViewInverseTranspose[0]+ATTR2.yyy*worldViewInverseTranspose[1]+ATTR2.zzz*worldViewInverseTranspose[2];tz_TexCoord[0].xyz=_OUT._UVDepth;tz_TexCoord[1].xyz=_OUT._Normal2;gl_Position=_OUT._Position2;tz_Color=materialColor;}"}}}