{
    "version": 1,
    "name": "font.cgfx",
    "samplers": {
        "texture": {
            "MinFilter": 9985,
            "MagFilter": 9729
        }
    },
    "parameters": {
        "clipSpace": {
            "type": "float",
            "columns": 4
        },
        "alphaRef": {
            "type": "float",
            "values": [0.03]
        },
        "color": {
            "type": "float",
            "columns": 4
        },
        "texture": {
            "type": "sampler2D"
        }
    },
    "techniques": {
        "font": [{
                "parameters": ["clipSpace", "alphaRef", "color", "texture"],
                "semantics": ["ATTR0", "ATTR8"],
                "states": {
                    "DepthTestEnable": false,
                    "DepthMask": false,
                    "CullFaceEnable": false,
                    "BlendEnable": true,
                    "BlendFunc": [770, 771]
                },
                "programs": ["vp_font", "fp_font"]
            }],
        "font8": [{
                "parameters": ["clipSpace", "alphaRef", "color", "texture"],
                "semantics": ["ATTR0", "ATTR8"],
                "states": {
                    "DepthTestEnable": false,
                    "DepthMask": false,
                    "CullFaceEnable": false,
                    "BlendEnable": true,
                    "BlendFunc": [770, 771]
                },
                "programs": ["vp_font", "fp_font_8"]
            }]
    },
    "programs": {
        "fp_font_8": {
            "type": "fragment",
            "code": "#ifdef GL_ES\n#define TZ_LOWP lowp\nprecision mediump float;\nprecision mediump int;\n#else\n#define TZ_LOWP\n#endif\nvarying vec4 tz_TexCoord[1];\nvec4 _TMP0;uniform float alphaRef;uniform vec4 color;uniform sampler2D texture;void main()\n{vec4 _result;_TMP0=texture2D(texture,tz_TexCoord[0].xy);_result=color;_result.w=color.w*_TMP0.y;if(_result.w<alphaRef){discard;}\ngl_FragColor=_result;}"
        },
        "vp_font": {
            "type": "vertex",
            "code": "#ifdef GL_ES\n#define TZ_LOWP lowp\nprecision mediump float;\nprecision mediump int;\n#else\n#define TZ_LOWP\n#endif\nvarying vec4 tz_TexCoord[1];attribute vec4 ATTR0;attribute vec4 ATTR8;\nvec4 _OUTPosition1;vec2 _OUTTexCoord01;uniform vec4 clipSpace;void main()\n{vec4 _position;_position=ATTR0;_position.xy=ATTR0.xy*clipSpace.xy+clipSpace.zw;_OUTPosition1=_position;_OUTTexCoord01=ATTR8.xy;tz_TexCoord[0].xy=ATTR8.xy;gl_Position=_position;}"
        },
        "fp_font": {
            "type": "fragment",
            "code": "#ifdef GL_ES\n#define TZ_LOWP lowp\nprecision mediump float;\nprecision mediump int;\n#else\n#define TZ_LOWP\n#endif\nvarying vec4 tz_TexCoord[1];\nvec4 _TMP0;uniform float alphaRef;uniform vec4 color;uniform sampler2D texture;void main()\n{vec4 _result;_TMP0=texture2D(texture,tz_TexCoord[0].xy);_result=color*_TMP0;if(_result.w<alphaRef){discard;}\ngl_FragColor=_result;}"
        }
    }
}