{"version": 1,"name": "generic2D.cgfx","samplers":{"diffuse":{"MinFilter": 9987,"MagFilter": 9729}},"parameters":{"clipSpace":{"type": "float","columns": 4},"alphaRef":{"type": "float","values": [0.03]},"constantColor":{"type": "float","columns": 4},"diffuse":{"type": "sampler2D"}},"techniques":{"constantColor2D":[{"parameters": ["clipSpace","constantColor"],"semantics": ["ATTR0"],"states":{"DepthTestEnable": false,"DepthMask": false,"CullFaceEnable": false,"BlendEnable": false},"programs": ["vp_constantColor_2d","fp_constantColor"]}],"vertexColor2D":[{"parameters": ["clipSpace"],"semantics": ["ATTR0","ATTR3"],"states":{"DepthTestEnable": false,"DepthMask": false,"CullFaceEnable": false,"BlendEnable": false},"programs": ["vp_vertexColor_2d","fp_vertexColor"]}],"textured2D":[{"parameters": ["clipSpace","diffuse"],"semantics": ["ATTR0","ATTR8"],"states":{"DepthTestEnable": false,"DepthMask": false,"CullFaceEnable": false,"BlendEnable": false},"programs": ["vp_textured_2d","fp_textured"]}],"textured2DAlpha":[{"parameters": ["clipSpace","alphaRef","diffuse"],"semantics": ["ATTR0","ATTR8"],"states":{"DepthTestEnable": false,"DepthMask": false,"CullFaceEnable": false,"BlendEnable": true,"BlendFunc": [770,771]},"programs": ["vp_textured_2d","fp_texturedAlpha"]}],"vertexColorTextured2D":[{"parameters": ["clipSpace","diffuse"],"semantics": ["ATTR0","ATTR3","ATTR8"],"states":{"DepthTestEnable": false,"DepthMask": false,"CullFaceEnable": false,"BlendEnable": false},"programs": ["vp_vertexColorTextured_2d","fp_vertexColorTextured"]}]},"programs":{"fp_vertexColorTextured":{"type": "fragment","code": "#ifdef GL_ES\n#define TZ_LOWP lowp\nprecision mediump float;\nprecision mediump int;\n#else\n#define TZ_LOWP\n#endif\nvarying TZ_LOWP vec4 tz_Color;varying vec4 tz_TexCoord[1];\nvec4 _ret_0;vec4 _TMP0;uniform sampler2D diffuse;void main()\n{_TMP0=texture2D(diffuse,tz_TexCoord[0].xy);_ret_0=tz_Color*_TMP0;gl_FragColor=_ret_0;}"},"vp_vertexColorTextured_2d":{"type": "vertex","code": "#ifdef GL_ES\n#define TZ_LOWP lowp\nprecision mediump float;\nprecision mediump int;\n#else\n#define TZ_LOWP\n#endif\nvarying TZ_LOWP vec4 tz_Color;varying vec4 tz_TexCoord[1];attribute vec4 ATTR0;attribute vec4 ATTR3;attribute vec4 ATTR8;\nvec4 _OUTColor1;vec4 _OUTPosition1;vec2 _OUTTexCoord01;uniform vec4 clipSpace;void main()\n{vec4 _position;_position=ATTR0;_position.xy=ATTR0.xy*clipSpace.xy+clipSpace.zw;_OUTPosition1=_position;_OUTColor1=ATTR3;_OUTTexCoord01=ATTR8.xy;tz_TexCoord[0].xy=ATTR8.xy;gl_Position=_position;tz_Color=ATTR3;}"},"fp_texturedAlpha":{"type": "fragment","code": "#ifdef GL_ES\n#define TZ_LOWP lowp\nprecision mediump float;\nprecision mediump int;\n#else\n#define TZ_LOWP\n#endif\nvarying vec4 tz_TexCoord[1];\nuniform float alphaRef;uniform sampler2D diffuse;void main()\n{vec4 _result;_result=texture2D(diffuse,tz_TexCoord[0].xy);if(_result.w<alphaRef){discard;}\ngl_FragColor=_result;}"},"vp_textured_2d":{"type": "vertex","code": "#ifdef GL_ES\n#define TZ_LOWP lowp\nprecision mediump float;\nprecision mediump int;\n#else\n#define TZ_LOWP\n#endif\nvarying vec4 tz_TexCoord[1];attribute vec4 ATTR0;attribute vec4 ATTR8;\nvec4 _OUTPosition1;vec2 _OUTTexCoord01;uniform vec4 clipSpace;void main()\n{vec4 _position;_position=ATTR0;_position.xy=ATTR0.xy*clipSpace.xy+clipSpace.zw;_OUTPosition1=_position;_OUTTexCoord01=ATTR8.xy;tz_TexCoord[0].xy=ATTR8.xy;gl_Position=_position;}"},"fp_textured":{"type": "fragment","code": "#ifdef GL_ES\n#define TZ_LOWP lowp\nprecision mediump float;\nprecision mediump int;\n#else\n#define TZ_LOWP\n#endif\nvarying vec4 tz_TexCoord[1];\nvec4 _ret_0;uniform sampler2D diffuse;void main()\n{_ret_0=texture2D(diffuse,tz_TexCoord[0].xy);gl_FragColor=_ret_0;}"},"fp_vertexColor":{"type": "fragment","code": "#ifdef GL_ES\n#define TZ_LOWP lowp\nprecision mediump float;\nprecision mediump int;\n#else\n#define TZ_LOWP\n#endif\nvarying TZ_LOWP vec4 tz_Color;\nvoid main()\n{gl_FragColor=tz_Color;}"},"vp_vertexColor_2d":{"type": "vertex","code": "#ifdef GL_ES\n#define TZ_LOWP lowp\nprecision mediump float;\nprecision mediump int;\n#else\n#define TZ_LOWP\n#endif\nvarying TZ_LOWP vec4 tz_Color;attribute vec4 ATTR0;attribute vec4 ATTR3;\nvec4 _OUTColor1;vec4 _OUTPosition1;uniform vec4 clipSpace;void main()\n{vec4 _position;_position=ATTR0;_position.xy=ATTR0.xy*clipSpace.xy+clipSpace.zw;_OUTPosition1=_position;_OUTColor1=ATTR3;gl_Position=_position;tz_Color=ATTR3;}"},"fp_constantColor":{"type": "fragment","code": "#ifdef GL_ES\n#define TZ_LOWP lowp\nprecision mediump float;\nprecision mediump int;\n#else\n#define TZ_LOWP\n#endif\nuniform vec4 constantColor;void main()\n{gl_FragColor=constantColor;}"},"vp_constantColor_2d":{"type": "vertex","code": "#ifdef GL_ES\n#define TZ_LOWP lowp\nprecision mediump float;\nprecision mediump int;\n#else\n#define TZ_LOWP\n#endif\nattribute vec4 ATTR0;\nuniform vec4 clipSpace;void main()\n{vec4 _position;_position=ATTR0;_position.xy=ATTR0.xy*clipSpace.xy+clipSpace.zw;gl_Position=_position;}"}}}