{"bitmapfontlayouts":{"C:/Users/autobuild/turbulenz/engine/assets/fonts/hero.fnt":{"baseline":26,"glyphs":{"32":{"awidth":8,"bottom":0.710938,"height":1,"left":0.167969,"page":0,"right":0.169922,"top":0.707031,"width":1,"xoffset":0,"yoffset":0},"33":{"awidth":6,"bottom":0.503906,"height":21,"left":0.867188,"page":0,"right":0.873047,"top":0.421875,"width":3,"xoffset":0,"yoffset":5},"34":{"awidth":7,"bottom":0.636719,"height":7,"left":0.648438,"page":0,"right":0.658203,"top":0.609375,"width":5,"xoffset":1,"yoffset":5},"35":{"awidth":16,"bottom":0.609375,"height":20,"left":0.394531,"page":0,"right":0.423828,"top":0.53125,"width":15,"xoffset":0,"yoffset":6},"36":{"awidth":21,"bottom":0.21875,"height":25,"left":0.400391,"page":0,"right":0.433594,"top":0.121094,"width":17,"xoffset":1,"yoffset":4},"37":{"awidth":19,"bottom":0.316406,"height":22,"left":0.548828,"page":0,"right":0.583984,"top":0.230469,"width":18,"xoffset":0,"yoffset":5},"38":{"awidth":19,"bottom":0.53125,"height":21,"left":0,"page":0,"right":0.0371094,"top":0.449219,"width":19,"xoffset":0,"yoffset":6},"39":{"awidth":5,"bottom":0.636719,"height":7,"left":0.666016,"page":0,"right":0.669922,"top":0.609375,"width":2,"xoffset":1,"yoffset":5},"40":{"awidth":8,"bottom":0.210938,"height":24,"left":0.697266,"page":0,"right":0.712891,"top":0.117188,"width":8,"xoffset":0,"yoffset":5},"41":{"awidth":8,"bottom":0.210938,"height":24,"left":0.720703,"page":0,"right":0.734375,"top":0.117188,"width":7,"xoffset":0,"yoffset":5},"42":{"awidth":9,"bottom":0.644531,"height":9,"left":0.519531,"page":0,"right":0.535156,"top":0.609375,"width":8,"xoffset":0,"yoffset":5},"43":{"awidth":17,"bottom":0.6875,"height":14,"left":0.240234,"page":0,"right":0.267578,"top":0.632812,"width":14,"xoffset":1,"yoffset":10},"44":{"awidth":4,"bottom":0.621094,"height":6,"left":0.806641,"page":0,"right":0.816406,"top":0.597656,"width":5,"xoffset":-1,"yoffset":24},"45":{"awidth":11,"bottom":0.726562,"height":2,"left":0.140625,"page":0,"right":0.160156,"top":0.71875,"width":10,"xoffset":0,"yoffset":16},"46":{"awidth":4,"bottom":0.730469,"height":3,"left":0.0625,"page":0,"right":0.0683594,"top":0.71875,"width":3,"xoffset":0,"yoffset":23},"47":{"awidth":11,"bottom":0.214844,"height":25,"left":0.560547,"page":0,"right":0.583984,"top":0.117188,"width":12,"xoffset":-1,"yoffset":5},"48":{"awidth":17,"bottom":0.511719,"height":21,"left":0.535156,"page":0,"right":0.566406,"top":0.429688,"width":16,"xoffset":0,"yoffset":6},"49":{"awidth":10,"bottom":0.503906,"height":21,"left":0.845703,"page":0,"right":0.859375,"top":0.421875,"width":7,"xoffset":2,"yoffset":6},"50":{"awidth":18,"bottom":0.609375,"height":20,"left":0.357422,"page":0,"right":0.386719,"top":0.53125,"width":15,"xoffset":1,"yoffset":6},"51":{"awidth":18,"bottom":0.507812,"height":21,"left":0.724609,"page":0,"right":0.753906,"top":0.425781,"width":15,"xoffset":1,"yoffset":6},"52":{"awidth":16,"bottom":0.511719,"height":21,"left":0.613281,"page":0,"right":0.642578,"top":0.429688,"width":15,"xoffset":0,"yoffset":6},"53":{"awidth":17,"bottom":0.515625,"height":21,"left":0.417969,"page":0,"right":0.449219,"top":0.433594,"width":16,"xoffset":0,"yoffset":6},"54":{"awidth":17,"bottom":0.625,"height":20,"left":0.126953,"page":0,"right":0.158203,"top":0.546875,"width":16,"xoffset":0,"yoffset":6},"55":{"awidth":16,"bottom":0.617188,"height":20,"left":0.283203,"page":0,"right":0.3125,"top":0.539062,"width":15,"xoffset":0,"yoffset":6},"56":{"awidth":19,"bottom":0.3125,"height":22,"left":0.714844,"page":0,"right":0.748047,"top":0.226562,"width":17,"xoffset":1,"yoffset":5},"57":{"awidth":17,"bottom":0.613281,"height":20,"left":0.320312,"page":0,"right":0.349609,"top":0.535156,"width":15,"xoffset":0,"yoffset":6},"58":{"awidth":5,"bottom":0.570312,"height":14,"left":0.978516,"page":0,"right":0.984375,"top":0.515625,"width":3,"xoffset":1,"yoffset":12},"59":{"awidth":5,"bottom":0.589844,"height":17,"left":0.791016,"page":0,"right":0.798828,"top":0.523438,"width":4,"xoffset":-1,"yoffset":12},"60":{"awidth":10,"bottom":0.6875,"height":14,"left":0.300781,"page":0,"right":0.316406,"top":0.632812,"width":8,"xoffset":0,"yoffset":10},"61":{"awidth":14,"bottom":0.636719,"height":7,"left":0.59375,"page":0,"right":0.617188,"top":0.609375,"width":12,"xoffset":0,"yoffset":13},"62":{"awidth":10,"bottom":0.6875,"height":14,"left":0.275391,"page":0,"right":0.292969,"top":0.632812,"width":9,"xoffset":0,"yoffset":10},"63":{"awidth":19,"bottom":0.308594,"height":22,"left":0.755859,"page":0,"right":0.789062,"top":0.222656,"width":17,"xoffset":0,"yoffset":5},"64":{"awidth":24,"bottom":0.316406,"height":22,"left":0.453125,"page":0,"right":0.496094,"top":0.230469,"width":22,"xoffset":1,"yoffset":8},"65":{"awidth":22,"bottom":0.414062,"height":21,"left":0.501953,"page":0,"right":0.542969,"top":0.332031,"width":21,"xoffset":0,"yoffset":6},"66":{"awidth":21,"bottom":0.625,"height":20,"left":0,"page":0,"right":0.0351562,"top":0.546875,"width":18,"xoffset":2,"yoffset":6},"67":{"awidth":21,"bottom":0.316406,"height":22,"left":0.503906,"page":0,"right":0.541016,"top":0.230469,"width":19,"xoffset":1,"yoffset":5},"68":{"awidth":20,"bottom":0.625,"height":20,"left":0.0429688,"page":0,"right":0.078125,"top":0.546875,"width":18,"xoffset":1,"yoffset":6},"69":{"awidth":20,"bottom":0.617188,"height":20,"left":0.166016,"page":0,"right":0.197266,"top":0.539062,"width":16,"xoffset":2,"yoffset":6},"70":{"awidth":19,"bottom":0.511719,"height":21,"left":0.574219,"page":0,"right":0.605469,"top":0.429688,"width":16,"xoffset":2,"yoffset":6},"71":{"awidth":22,"bottom":0.53125,"height":21,"left":0.0449219,"page":0,"right":0.0820312,"top":0.449219,"width":19,"xoffset":1,"yoffset":6},"72":{"awidth":21,"bottom":0.3125,"height":22,"left":0.673828,"page":0,"right":0.707031,"top":0.226562,"width":17,"xoffset":2,"yoffset":5},"73":{"awidth":7,"bottom":0.425781,"height":22,"left":0.257812,"page":0,"right":0.263672,"top":0.339844,"width":3,"xoffset":2,"yoffset":5},"74":{"awidth":18,"bottom":0.515625,"height":21,"left":0.378906,"page":0,"right":0.410156,"top":0.433594,"width":16,"xoffset":-1,"yoffset":6},"75":{"awidth":19,"bottom":0.523438,"height":21,"left":0.132812,"page":0,"right":0.166016,"top":0.441406,"width":17,"xoffset":2,"yoffset":6},"76":{"awidth":18,"bottom":0.617188,"height":20,"left":0.244141,"page":0,"right":0.275391,"top":0.539062,"width":16,"xoffset":2,"yoffset":6},"77":{"awidth":25,"bottom":0.414062,"height":21,"left":0.599609,"page":0,"right":0.638672,"top":0.332031,"width":20,"xoffset":2,"yoffset":6},"78":{"awidth":21,"bottom":0.523438,"height":21,"left":0.173828,"page":0,"right":0.207031,"top":0.441406,"width":17,"xoffset":2,"yoffset":5},"79":{"awidth":23,"bottom":0.414062,"height":21,"left":0.550781,"page":0,"right":0.591797,"top":0.332031,"width":21,"xoffset":1,"yoffset":5},"80":{"awidth":20,"bottom":0.511719,"height":21,"left":0.457031,"page":0,"right":0.488281,"top":0.429688,"width":16,"xoffset":2,"yoffset":5},"81":{"awidth":23,"bottom":0.414062,"height":21,"left":0.646484,"page":0,"right":0.685547,"top":0.332031,"width":20,"xoffset":1,"yoffset":5},"82":{"awidth":20,"bottom":0.523438,"height":21,"left":0.214844,"page":0,"right":0.248047,"top":0.441406,"width":17,"xoffset":2,"yoffset":6},"83":{"awidth":20,"bottom":0.5,"height":20,"left":0.955078,"page":0,"right":0.992188,"top":0.421875,"width":19,"xoffset":0,"yoffset":6},"84":{"awidth":18,"bottom":0.410156,"height":21,"left":0.693359,"page":0,"right":0.730469,"top":0.328125,"width":19,"xoffset":-1,"yoffset":6},"85":{"awidth":24,"bottom":0.410156,"height":21,"left":0.738281,"page":0,"right":0.775391,"top":0.328125,"width":19,"xoffset":2,"yoffset":5},"86":{"awidth":21,"bottom":0.414062,"height":21,"left":0.453125,"page":0,"right":0.494141,"top":0.332031,"width":21,"xoffset":-1,"yoffset":6},"87":{"awidth":36,"bottom":0.320312,"height":22,"left":0.314453,"page":0,"right":0.382812,"top":0.234375,"width":35,"xoffset":0,"yoffset":5},"88":{"awidth":20,"bottom":0.40625,"height":21,"left":0.783203,"page":0,"right":0.820312,"top":0.324219,"width":19,"xoffset":0,"yoffset":6},"89":{"awidth":19,"bottom":0.40625,"height":21,"left":0.828125,"page":0,"right":0.865234,"top":0.324219,"width":19,"xoffset":0,"yoffset":6},"90":{"awidth":19,"bottom":0.40625,"height":21,"left":0.873047,"page":0,"right":0.910156,"top":0.324219,"width":19,"xoffset":0,"yoffset":6},"91":{"awidth":8,"bottom":0.226562,"height":26,"left":0.0703125,"page":0,"right":0.0839844,"top":0.125,"width":7,"xoffset":1,"yoffset":3},"92":{"awidth":11,"bottom":0.214844,"height":25,"left":0.591797,"page":0,"right":0.615234,"top":0.117188,"width":12,"xoffset":-1,"yoffset":4},"93":{"awidth":8,"bottom":0.226562,"height":26,"left":0.0917969,"page":0,"right":0.103516,"top":0.125,"width":6,"xoffset":0,"yoffset":3},"94":{"awidth":11,"bottom":0.640625,"height":8,"left":0.542969,"page":0,"right":0.5625,"top":0.609375,"width":10,"xoffset":0,"yoffset":4},"95":{"awidth":13,"bottom":0.730469,"height":3,"left":0,"page":0,"right":0.0273438,"top":0.71875,"width":14,"xoffset":-1,"yoffset":26},"96":{"awidth":9,"bottom":0.628906,"height":6,"left":0.771484,"page":0,"right":0.78125,"top":0.605469,"width":5,"xoffset":1,"yoffset":3},"97":{"awidth":19,"bottom":0.589844,"height":17,"left":0.753906,"page":0,"right":0.783203,"top":0.523438,"width":15,"xoffset":1,"yoffset":10},"98":{"awidth":19,"bottom":0.433594,"height":22,"left":0,"page":0,"right":0.0292969,"top":0.347656,"width":15,"xoffset":2,"yoffset":5},"99":{"awidth":17,"bottom":0.703125,"height":16,"left":0,"page":0,"right":0.03125,"top":0.640625,"width":16,"xoffset":0,"yoffset":10},"100":{"awidth":19,"bottom":0.433594,"height":22,"left":0.0742188,"page":0,"right":0.103516,"top":0.347656,"width":15,"xoffset":1,"yoffset":5},"101":{"awidth":19,"bottom":0.578125,"height":16,"left":0.9375,"page":0,"right":0.970703,"top":0.515625,"width":17,"xoffset":1,"yoffset":10},"102":{"awidth":11,"bottom":0.507812,"height":21,"left":0.761719,"page":0,"right":0.785156,"top":0.425781,"width":12,"xoffset":0,"yoffset":5},"103":{"awidth":19,"bottom":0.324219,"height":23,"left":0.222656,"page":0,"right":0.251953,"top":0.234375,"width":15,"xoffset":1,"yoffset":9},"104":{"awidth":20,"bottom":0.511719,"height":21,"left":0.650391,"page":0,"right":0.679688,"top":0.429688,"width":15,"xoffset":2,"yoffset":5},"105":{"awidth":6,"bottom":0.425781,"height":22,"left":0.244141,"page":0,"right":0.25,"top":0.339844,"width":3,"xoffset":1,"yoffset":4},"106":{"awidth":6,"bottom":0.109375,"height":28,"left":0.0820312,"page":0,"right":0.0917969,"top":0,"width":5,"xoffset":-1,"yoffset":4},"107":{"awidth":15,"bottom":0.425781,"height":22,"left":0.185547,"page":0,"right":0.212891,"top":0.339844,"width":14,"xoffset":1,"yoffset":5},"108":{"awidth":6,"bottom":0.503906,"height":21,"left":0.894531,"page":0,"right":0.900391,"top":0.421875,"width":3,"xoffset":1,"yoffset":5},"109":{"awidth":33,"bottom":0.582031,"height":16,"left":0.875,"page":0,"right":0.929688,"top":0.519531,"width":28,"xoffset":2,"yoffset":10},"110":{"awidth":20,"bottom":0.59375,"height":17,"left":0.716797,"page":0,"right":0.746094,"top":0.527344,"width":15,"xoffset":2,"yoffset":9},"111":{"awidth":19,"bottom":0.59375,"height":17,"left":0.556641,"page":0,"right":0.589844,"top":0.527344,"width":17,"xoffset":1,"yoffset":9},"112":{"awidth":19,"bottom":0.207031,"height":23,"left":0.863281,"page":0,"right":0.894531,"top":0.117188,"width":16,"xoffset":1,"yoffset":9},"113":{"awidth":19,"bottom":0.332031,"height":23,"left":0.0742188,"page":0,"right":0.103516,"top":0.242188,"width":15,"xoffset":1,"yoffset":9},"114":{"awidth":10,"bottom":0.703125,"height":16,"left":0.144531,"page":0,"right":0.160156,"top":0.640625,"width":8,"xoffset":2,"yoffset":10},"115":{"awidth":17,"bottom":0.703125,"height":16,"left":0.0761719,"page":0,"right":0.105469,"top":0.640625,"width":15,"xoffset":0,"yoffset":10},"116":{"awidth":12,"bottom":0.503906,"height":21,"left":0.792969,"page":0,"right":0.814453,"top":0.421875,"width":11,"xoffset":0,"yoffset":5},"117":{"awidth":20,"bottom":0.59375,"height":17,"left":0.638672,"page":0,"right":0.669922,"top":0.527344,"width":16,"xoffset":1,"yoffset":9},"118":{"awidth":17,"bottom":0.59375,"height":17,"left":0.597656,"page":0,"right":0.630859,"top":0.527344,"width":17,"xoffset":0,"yoffset":10},"119":{"awidth":28,"bottom":0.601562,"height":18,"left":0.431641,"page":0,"right":0.484375,"top":0.53125,"width":27,"xoffset":0,"yoffset":9},"120":{"awidth":16,"bottom":0.59375,"height":17,"left":0.677734,"page":0,"right":0.708984,"top":0.527344,"width":16,"xoffset":0,"yoffset":9},"121":{"awidth":17,"bottom":0.207031,"height":23,"left":0.783203,"page":0,"right":0.816406,"top":0.117188,"width":17,"xoffset":0,"yoffset":9},"122":{"awidth":16,"bottom":0.703125,"height":16,"left":0.0390625,"page":0,"right":0.0683594,"top":0.640625,"width":15,"xoffset":0,"yoffset":10},"123":{"awidth":8,"bottom":0.226562,"height":26,"left":0,"page":0,"right":0.015625,"top":0.125,"width":8,"xoffset":0,"yoffset":4},"124":{"awidth":5,"bottom":0.0976562,"height":25,"left":0.984375,"page":0,"right":0.990234,"top":0,"width":3,"xoffset":0,"yoffset":4},"125":{"awidth":8,"bottom":0.226562,"height":26,"left":0.046875,"page":0,"right":0.0625,"top":0.125,"width":8,"xoffset":0,"yoffset":4},"126":{"awidth":16,"bottom":0.617188,"height":5,"left":0.871094,"page":0,"right":0.900391,"top":0.597656,"width":15,"xoffset":0,"yoffset":15},"128":{"awidth":21,"bottom":0.417969,"height":21,"left":0.404297,"page":0,"right":0.445312,"top":0.335938,"width":21,"xoffset":-1,"yoffset":6},"130":{"awidth":5,"bottom":0.621094,"height":6,"left":0.855469,"page":0,"right":0.863281,"top":0.597656,"width":4,"xoffset":0,"yoffset":24},"131":{"awidth":14,"bottom":0.101562,"height":26,"left":0.830078,"page":0,"right":0.863281,"top":0,"width":17,"xoffset":-1,"yoffset":5},"132":{"awidth":8,"bottom":0.632812,"height":6,"left":0.703125,"page":0,"right":0.71875,"top":0.609375,"width":8,"xoffset":0,"yoffset":24},"133":{"awidth":11,"bottom":0.730469,"height":3,"left":0.0351562,"page":0,"right":0.0546875,"top":0.71875,"width":10,"xoffset":0,"yoffset":23},"136":{"awidth":10,"bottom":0.632812,"height":6,"left":0.677734,"page":0,"right":0.695312,"top":0.609375,"width":9,"xoffset":0,"yoffset":4},"137":{"awidth":28,"bottom":0.320312,"height":22,"left":0.390625,"page":0,"right":0.445312,"top":0.234375,"width":28,"xoffset":0,"yoffset":5},"138":{"awidth":20,"bottom":0.101562,"height":26,"left":0.695312,"page":0,"right":0.732422,"top":0,"width":19,"xoffset":0,"yoffset":0},"139":{"awidth":10,"bottom":0.671875,"height":12,"left":0.416016,"page":0,"right":0.433594,"top":0.625,"width":9,"xoffset":0,"yoffset":12},"140":{"awidth":33,"bottom":0.417969,"height":21,"left":0.337891,"page":0,"right":0.396484,"top":0.335938,"width":30,"xoffset":1,"yoffset":5},"142":{"awidth":19,"bottom":0.101562,"height":26,"left":0.740234,"page":0,"right":0.777344,"top":0,"width":19,"xoffset":0,"yoffset":1},"145":{"awidth":4,"bottom":0.621094,"height":6,"left":0.839844,"page":0,"right":0.847656,"top":0.597656,"width":4,"xoffset":0,"yoffset":6},"146":{"awidth":4,"bottom":0.621094,"height":6,"left":0.824219,"page":0,"right":0.832031,"top":0.597656,"width":4,"xoffset":0,"yoffset":6},"147":{"awidth":8,"bottom":0.636719,"height":7,"left":0.625,"page":0,"right":0.640625,"top":0.609375,"width":8,"xoffset":0,"yoffset":5},"148":{"awidth":8,"bottom":0.632812,"height":6,"left":0.726562,"page":0,"right":0.742188,"top":0.609375,"width":8,"xoffset":0,"yoffset":6},"149":{"awidth":7,"bottom":0.617188,"height":5,"left":0.935547,"page":0,"right":0.947266,"top":0.597656,"width":6,"xoffset":0,"yoffset":14},"150":{"awidth":13,"bottom":0.726562,"height":2,"left":0.111328,"page":0,"right":0.132812,"top":0.71875,"width":11,"xoffset":0,"yoffset":16},"151":{"awidth":17,"bottom":0.726562,"height":2,"left":0.0761719,"page":0,"right":0.103516,"top":0.71875,"width":14,"xoffset":1,"yoffset":16},"152":{"awidth":11,"bottom":0.617188,"height":5,"left":0.908203,"page":0,"right":0.927734,"top":0.597656,"width":10,"xoffset":0,"yoffset":4},"153":{"awidth":18,"bottom":0.65625,"height":10,"left":0.474609,"page":0,"right":0.511719,"top":0.617188,"width":19,"xoffset":-1,"yoffset":6},"154":{"awidth":17,"bottom":0.511719,"height":21,"left":0.6875,"page":0,"right":0.716797,"top":0.429688,"width":15,"xoffset":0,"yoffset":5},"155":{"awidth":9,"bottom":0.679688,"height":13,"left":0.324219,"page":0,"right":0.341797,"top":0.628906,"width":9,"xoffset":0,"yoffset":12},"156":{"awidth":33,"bottom":0.582031,"height":16,"left":0.806641,"page":0,"right":0.867188,"top":0.519531,"width":31,"xoffset":1,"yoffset":10},"158":{"awidth":16,"bottom":0.40625,"height":21,"left":0.962891,"page":0,"right":0.992188,"top":0.324219,"width":15,"xoffset":0,"yoffset":5},"159":{"awidth":19,"bottom":0.101562,"height":26,"left":0.785156,"page":0,"right":0.822266,"top":0,"width":19,"xoffset":0,"yoffset":1},"160":{"awidth":8,"bottom":0.710938,"height":1,"left":0.177734,"page":0,"right":0.179688,"top":0.707031,"width":1,"xoffset":0,"yoffset":0},"161":{"awidth":5,"bottom":0.503906,"height":21,"left":0.880859,"page":0,"right":0.886719,"top":0.421875,"width":3,"xoffset":0,"yoffset":10},"162":{"awidth":16,"bottom":0.425781,"height":22,"left":0.111328,"page":0,"right":0.140625,"top":0.339844,"width":15,"xoffset":0,"yoffset":7},"165":{"awidth":19,"bottom":0.40625,"height":21,"left":0.917969,"page":0,"right":0.955078,"top":0.324219,"width":19,"xoffset":0,"yoffset":6},"168":{"awidth":12,"bottom":0.609375,"height":4,"left":0.955078,"page":0,"right":0.974609,"top":0.59375,"width":10,"xoffset":1,"yoffset":3},"169":{"awidth":15,"bottom":0.691406,"height":15,"left":0.167969,"page":0,"right":0.197266,"top":0.632812,"width":15,"xoffset":0,"yoffset":9},"171":{"awidth":13,"bottom":0.675781,"height":12,"left":0.349609,"page":0,"right":0.375,"top":0.628906,"width":13,"xoffset":0,"yoffset":12},"174":{"awidth":15,"bottom":0.691406,"height":15,"left":0.205078,"page":0,"right":0.232422,"top":0.632812,"width":14,"xoffset":0,"yoffset":9},"176":{"awidth":6,"bottom":0.632812,"height":6,"left":0.75,"page":0,"right":0.763672,"top":0.609375,"width":7,"xoffset":-1,"yoffset":5},"177":{"awidth":15,"bottom":0.703125,"height":16,"left":0.113281,"page":0,"right":0.136719,"top":0.640625,"width":12,"xoffset":1,"yoffset":10},"180":{"awidth":7,"bottom":0.628906,"height":6,"left":0.789062,"page":0,"right":0.798828,"top":0.605469,"width":5,"xoffset":1,"yoffset":4},"182":{"awidth":15,"bottom":0.324219,"height":23,"left":0.148438,"page":0,"right":0.177734,"top":0.234375,"width":15,"xoffset":0,"yoffset":6},"183":{"awidth":4,"bottom":0.601562,"height":4,"left":0.982422,"page":0,"right":0.988281,"top":0.585938,"width":3,"xoffset":0,"yoffset":15},"184":{"awidth":9,"bottom":0.640625,"height":8,"left":0.570312,"page":0,"right":0.585938,"top":0.609375,"width":8,"xoffset":1,"yoffset":24},"187":{"awidth":13,"bottom":0.671875,"height":12,"left":0.382812,"page":0,"right":0.408203,"top":0.625,"width":13,"xoffset":0,"yoffset":12},"191":{"awidth":19,"bottom":0.53125,"height":21,"left":0.0898438,"page":0,"right":0.125,"top":0.449219,"width":18,"xoffset":0,"yoffset":10},"192":{"awidth":22,"bottom":0.105469,"height":27,"left":0.197266,"page":0,"right":0.238281,"top":0,"width":21,"xoffset":0,"yoffset":0},"193":{"awidth":22,"bottom":0.105469,"height":27,"left":0.0996094,"page":0,"right":0.140625,"top":0,"width":21,"xoffset":0,"yoffset":0},"194":{"awidth":22,"bottom":0.21875,"height":25,"left":0.257812,"page":0,"right":0.298828,"top":0.121094,"width":21,"xoffset":0,"yoffset":2},"195":{"awidth":22,"bottom":0.21875,"height":25,"left":0.160156,"page":0,"right":0.201172,"top":0.121094,"width":21,"xoffset":0,"yoffset":2},"196":{"awidth":22,"bottom":0.21875,"height":25,"left":0.306641,"page":0,"right":0.347656,"top":0.121094,"width":21,"xoffset":0,"yoffset":2},"197":{"awidth":22,"bottom":0.105469,"height":27,"left":0.148438,"page":0,"right":0.189453,"top":0,"width":21,"xoffset":0,"yoffset":0},"198":{"awidth":31,"bottom":0.421875,"height":21,"left":0.271484,"page":0,"right":0.330078,"top":0.339844,"width":30,"xoffset":-1,"yoffset":6},"199":{"awidth":21,"bottom":0.105469,"height":27,"left":0.246094,"page":0,"right":0.283203,"top":0,"width":19,"xoffset":1,"yoffset":6},"200":{"awidth":20,"bottom":0.101562,"height":26,"left":0.871094,"page":0,"right":0.902344,"top":0,"width":16,"xoffset":2,"yoffset":0},"201":{"awidth":20,"bottom":0.101562,"height":26,"left":0.910156,"page":0,"right":0.941406,"top":0,"width":16,"xoffset":2,"yoffset":0},"202":{"awidth":20,"bottom":0.214844,"height":25,"left":0.521484,"page":0,"right":0.552734,"top":0.117188,"width":16,"xoffset":2,"yoffset":1},"203":{"awidth":20,"bottom":0.214844,"height":25,"left":0.482422,"page":0,"right":0.513672,"top":0.117188,"width":16,"xoffset":2,"yoffset":1},"204":{"awidth":7,"bottom":0.105469,"height":27,"left":0.376953,"page":0,"right":0.388672,"top":0,"width":6,"xoffset":-1,"yoffset":0},"205":{"awidth":7,"bottom":0.105469,"height":27,"left":0.396484,"page":0,"right":0.40625,"top":0,"width":5,"xoffset":2,"yoffset":0},"206":{"awidth":7,"bottom":0.226562,"height":26,"left":0.0234375,"page":0,"right":0.0390625,"top":0.125,"width":8,"xoffset":-1,"yoffset":1},"207":{"awidth":7,"bottom":0.214844,"height":25,"left":0.623047,"page":0,"right":0.640625,"top":0.117188,"width":9,"xoffset":-1,"yoffset":2},"208":{"awidth":20,"bottom":0.5,"height":20,"left":0.908203,"page":0,"right":0.947266,"top":0.421875,"width":20,"xoffset":-1,"yoffset":6},"209":{"awidth":21,"bottom":0.214844,"height":25,"left":0.441406,"page":0,"right":0.474609,"top":0.117188,"width":17,"xoffset":2,"yoffset":1},"210":{"awidth":23,"bottom":0.101562,"height":26,"left":0.511719,"page":0,"right":0.552734,"top":0,"width":21,"xoffset":1,"yoffset":0},"211":{"awidth":23,"bottom":0.101562,"height":26,"left":0.462891,"page":0,"right":0.503906,"top":0,"width":21,"xoffset":1,"yoffset":0},"212":{"awidth":23,"bottom":0.101562,"height":26,"left":0.414062,"page":0,"right":0.455078,"top":0,"width":21,"xoffset":1,"yoffset":0},"213":{"awidth":23,"bottom":0.21875,"height":25,"left":0.208984,"page":0,"right":0.25,"top":0.121094,"width":21,"xoffset":1,"yoffset":1},"214":{"awidth":23,"bottom":0.21875,"height":25,"left":0.111328,"page":0,"right":0.152344,"top":0.121094,"width":21,"xoffset":1,"yoffset":1},"216":{"awidth":23,"bottom":0.210938,"height":24,"left":0.648438,"page":0,"right":0.689453,"top":0.117188,"width":21,"xoffset":1,"yoffset":4},"217":{"awidth":24,"bottom":0.101562,"height":26,"left":0.560547,"page":0,"right":0.597656,"top":0,"width":19,"xoffset":2,"yoffset":0},"218":{"awidth":24,"bottom":0.101562,"height":26,"left":0.605469,"page":0,"right":0.642578,"top":0,"width":19,"xoffset":2,"yoffset":0},"219":{"awidth":24,"bottom":0.101562,"height":26,"left":0.650391,"page":0,"right":0.6875,"top":0,"width":19,"xoffset":2,"yoffset":0},"220":{"awidth":24,"bottom":0.21875,"height":25,"left":0.355469,"page":0,"right":0.392578,"top":0.121094,"width":19,"xoffset":2,"yoffset":1},"221":{"awidth":19,"bottom":0.105469,"height":27,"left":0.291016,"page":0,"right":0.328125,"top":0,"width":19,"xoffset":0,"yoffset":0},"222":{"awidth":20,"bottom":0.617188,"height":20,"left":0.205078,"page":0,"right":0.236328,"top":0.539062,"width":16,"xoffset":2,"yoffset":6},"223":{"awidth":17,"bottom":0.101562,"height":26,"left":0.949219,"page":0,"right":0.976562,"top":0,"width":14,"xoffset":1,"yoffset":6},"224":{"awidth":19,"bottom":0.332031,"height":23,"left":0.0371094,"page":0,"right":0.0664062,"top":0.242188,"width":15,"xoffset":1,"yoffset":4},"225":{"awidth":19,"bottom":0.324219,"height":23,"left":0.185547,"page":0,"right":0.214844,"top":0.234375,"width":15,"xoffset":1,"yoffset":4},"226":{"awidth":19,"bottom":0.207031,"height":23,"left":0.941406,"page":0,"right":0.970703,"top":0.117188,"width":15,"xoffset":1,"yoffset":4},"227":{"awidth":19,"bottom":0.332031,"height":23,"left":0,"page":0,"right":0.0292969,"top":0.242188,"width":15,"xoffset":1,"yoffset":4},"228":{"awidth":19,"bottom":0.425781,"height":22,"left":0.148438,"page":0,"right":0.177734,"top":0.339844,"width":15,"xoffset":1,"yoffset":5},"229":{"awidth":19,"bottom":0.324219,"height":23,"left":0.111328,"page":0,"right":0.140625,"top":0.234375,"width":15,"xoffset":1,"yoffset":4},"230":{"awidth":32,"bottom":0.59375,"height":17,"left":0.492188,"page":0,"right":0.548828,"top":0.527344,"width":29,"xoffset":1,"yoffset":10},"231":{"awidth":16,"bottom":0.324219,"height":23,"left":0.259766,"page":0,"right":0.289062,"top":0.234375,"width":15,"xoffset":1,"yoffset":10},"232":{"awidth":19,"bottom":0.308594,"height":22,"left":0.837891,"page":0,"right":0.871094,"top":0.222656,"width":17,"xoffset":1,"yoffset":4},"233":{"awidth":19,"bottom":0.308594,"height":22,"left":0.878906,"page":0,"right":0.912109,"top":0.222656,"width":17,"xoffset":1,"yoffset":4},"234":{"awidth":19,"bottom":0.515625,"height":21,"left":0.337891,"page":0,"right":0.371094,"top":0.433594,"width":17,"xoffset":1,"yoffset":5},"235":{"awidth":19,"bottom":0.519531,"height":21,"left":0.296875,"page":0,"right":0.330078,"top":0.4375,"width":17,"xoffset":1,"yoffset":5},"236":{"awidth":6,"bottom":0.207031,"height":23,"left":0.978516,"page":0,"right":0.988281,"top":0.117188,"width":5,"xoffset":-1,"yoffset":3},"237":{"awidth":6,"bottom":0.324219,"height":23,"left":0.296875,"page":0,"right":0.306641,"top":0.234375,"width":5,"xoffset":2,"yoffset":3},"238":{"awidth":6,"bottom":0.425781,"height":22,"left":0.220703,"page":0,"right":0.236328,"top":0.339844,"width":8,"xoffset":-1,"yoffset":4},"239":{"awidth":6,"bottom":0.503906,"height":21,"left":0.822266,"page":0,"right":0.837891,"top":0.421875,"width":8,"xoffset":-1,"yoffset":5},"240":{"awidth":18,"bottom":0.308594,"height":22,"left":0.919922,"page":0,"right":0.951172,"top":0.222656,"width":16,"xoffset":0,"yoffset":4},"241":{"awidth":20,"bottom":0.433594,"height":22,"left":0.0371094,"page":0,"right":0.0664062,"top":0.347656,"width":15,"xoffset":2,"yoffset":4},"242":{"awidth":19,"bottom":0.207031,"height":23,"left":0.742188,"page":0,"right":0.775391,"top":0.117188,"width":17,"xoffset":1,"yoffset":3},"243":{"awidth":19,"bottom":0.316406,"height":22,"left":0.591797,"page":0,"right":0.625,"top":0.230469,"width":17,"xoffset":1,"yoffset":4},"244":{"awidth":19,"bottom":0.308594,"height":22,"left":0.796875,"page":0,"right":0.830078,"top":0.222656,"width":17,"xoffset":1,"yoffset":4},"245":{"awidth":19,"bottom":0.316406,"height":22,"left":0.632812,"page":0,"right":0.666016,"top":0.230469,"width":17,"xoffset":1,"yoffset":4},"246":{"awidth":19,"bottom":0.523438,"height":21,"left":0.255859,"page":0,"right":0.289062,"top":0.441406,"width":17,"xoffset":1,"yoffset":5},"247":{"awidth":15,"bottom":0.660156,"height":11,"left":0.441406,"page":0,"right":0.466797,"top":0.617188,"width":13,"xoffset":0,"yoffset":12},"248":{"awidth":19,"bottom":0.625,"height":20,"left":0.0859375,"page":0,"right":0.119141,"top":0.546875,"width":17,"xoffset":1,"yoffset":8},"249":{"awidth":20,"bottom":0.207031,"height":23,"left":0.902344,"page":0,"right":0.933594,"top":0.117188,"width":16,"xoffset":1,"yoffset":3},"250":{"awidth":20,"bottom":0.207031,"height":23,"left":0.824219,"page":0,"right":0.855469,"top":0.117188,"width":16,"xoffset":1,"yoffset":3},"251":{"awidth":20,"bottom":0.308594,"height":22,"left":0.958984,"page":0,"right":0.990234,"top":0.222656,"width":16,"xoffset":1,"yoffset":4},"252":{"awidth":20,"bottom":0.511719,"height":21,"left":0.496094,"page":0,"right":0.527344,"top":0.429688,"width":16,"xoffset":1,"yoffset":5},"253":{"awidth":17,"bottom":0.109375,"height":28,"left":0,"page":0,"right":0.0332031,"top":0,"width":17,"xoffset":0,"yoffset":4},"254":{"awidth":19,"bottom":0.109375,"height":28,"left":0.0410156,"page":0,"right":0.0742188,"top":0,"width":17,"xoffset":1,"yoffset":4},"255":{"awidth":17,"bottom":0.105469,"height":27,"left":0.335938,"page":0,"right":0.369141,"top":0,"width":17,"xoffset":0,"yoffset":5}},"kernings":{"40":{"84":1},"65":{"65":1,"67":-1,"68":1,"74":1,"79":-1,"84":-3,"85":-1,"86":-2,"87":-2,"88":1,"89":-2,"90":1,"118":-1,"119":-1,"120":1,"121":-1,"122":1,"140":-1,"142":1,"158":1,"159":-2,"192":1,"193":1,"194":1,"195":1,"196":1,"197":1,"198":1,"199":-1,"210":-1,"211":-1,"212":-1,"213":-1,"214":-1,"216":-1,"217":-1,"218":-1,"219":-1,"220":-1,"221":-2,"222":1,"253":-1,"255":-1},"66":{"68":1,"79":1,"83":1,"84":-1,"87":-1,"89":-1,"122":-1,"138":1,"140":1,"158":-1,"159":-1,"210":1,"211":1,"212":1,"213":1,"214":1,"216":1,"221":-1,"222":1},"67":{"68":1,"72":1,"83":1,"138":1,"222":1},"68":{"68":1,"74":1,"84":-2,"89":-1,"90":-1,"122":-1,"142":-1,"158":-1,"159":-1,"221":-1,"222":1},"69":{"68":1,"84":1,"97":-1,"99":-1,"100":-1,"101":-1,"111":-1,"113":-1,"116":-1,"156":-1,"222":1,"224":-1,"225":-1,"226":-1,"227":-1,"228":-1,"229":-1,"230":-1,"231":-1,"232":-1,"233":-1,"234":-1,"235":-1,"242":-1,"243":-1,"244":-1,"245":-1,"246":-1,"248":-1},"70":{"65":-2,"82":-1,"84":1,"97":-1,"101":-1,"111":-1,"156":-1,"192":-2,"193":-2,"194":-2,"195":-2,"196":-2,"197":-2,"198":-2,"224":-1,"225":-1,"226":-1,"227":-1,"228":-1,"229":-1,"230":-1,"232":-1,"233":-1,"234":-1,"235":-1,"242":-1,"243":-1,"244":-1,"245":-1,"246":-1,"248":-1},"71":{"69":-1,"79":-1,"84":-2,"85":-1,"106":-1,"107":-1,"108":-1,"140":-1,"200":-1,"201":-1,"202":-1,"203":-1,"210":-1,"211":-1,"212":-1,"213":-1,"214":-1,"216":-1,"217":-1,"218":-1,"219":-1,"220":-1},"72":{"69":-1,"116":-1,"200":-1,"201":-1,"202":-1,"203":-1},"73":{"68":1,"222":1},"74":{"65":-1,"69":-1,"97":-1,"105":-1,"192":-1,"193":-1,"194":-1,"195":-1,"196":-1,"197":-1,"198":-1,"200":-1,"201":-1,"202":-1,"203":-1,"224":-1,"225":-1,"226":-1,"227":-1,"228":-1,"229":-1,"230":-1,"236":-1,"237":-1,"238":-1,"239":-1},"75":{"65":1,"68":1,"79":-1,"97":-1,"117":-1,"140":-1,"192":1,"193":1,"194":1,"195":1,"196":1,"197":1,"198":1,"210":-1,"211":-1,"212":-1,"213":-1,"214":-1,"216":-1,"222":1,"224":-1,"225":-1,"226":-1,"227":-1,"228":-1,"229":-1,"230":-1,"249":-1,"250":-1,"251":-1,"252":-1},"76":{"65":1,"68":1,"71":-1,"79":-1,"84":-3,"85":-1,"86":-2,"87":-4,"89":-3,"90":1,"97":-1,"101":-1,"117":-1,"121":-2,"140":-1,"142":1,"159":-3,"192":1,"193":1,"194":1,"195":1,"196":1,"197":1,"198":1,"210":-1,"211":-1,"212":-1,"213":-1,"214":-1,"216":-1,"217":-1,"218":-1,"219":-1,"220":-1,"221":-3,"222":1,"224":-1,"225":-1,"226":-1,"227":-1,"228":-1,"229":-1,"230":-1,"232":-1,"233":-1,"234":-1,"235":-1,"249":-1,"250":-1,"251":-1,"252":-1,"253":-2,"255":-2},"79":{"65":-1,"84":-1,"86":-1,"87":-1,"89":-1,"90":-1,"142":-1,"159":-1,"192":-1,"193":-1,"194":-1,"195":-1,"196":-1,"197":-1,"198":-1,"221":-1},"80":{"65":-2,"72":-1,"82":-1,"84":-1,"90":-1,"142":-1,"192":-2,"193":-2,"194":-2,"195":-2,"196":-2,"197":-2,"198":-2},"81":{"84":-1},"82":{"68":1,"73":1,"78":1,"79":1,"83":1,"84":1,"115":1,"121":1,"138":1,"140":1,"154":1,"204":1,"205":1,"206":1,"207":1,"209":1,"210":1,"211":1,"212":1,"213":1,"214":1,"216":1,"222":1,"253":1,"255":1},"83":{"71":1,"83":1,"84":-1,"97":1,"138":1,"224":1,"225":1,"226":1,"227":1,"228":1,"229":1,"230":1},"84":{"65":-3,"67":-1,"71":-1,"74":-2,"79":-1,"84":1,"86":1,"87":1,"89":1,"100":-3,"101":-3,"105":-1,"111":-3,"114":-1,"115":-2,"117":-1,"119":-2,"120":-1,"121":-2,"122":-2,"140":-1,"154":-2,"156":-3,"158":-2,"159":1,"192":-3,"193":-3,"194":-3,"195":-3,"196":-3,"197":-3,"198":-3,"199":-1,"210":-1,"211":-1,"212":-1,"213":-1,"214":-1,"216":-1,"221":1,"232":-3,"233":-3,"234":-3,"235":-3,"236":-1,"237":-1,"238":-1,"239":-1,"242":-3,"243":-3,"244":-3,"245":-3,"246":-3,"248":-3,"249":-1,"250":-1,"251":-1,"252":-1,"253":-2,"255":-2},"85":{"97":-1,"118":-1,"122":-1,"158":-1,"224":-1,"225":-1,"226":-1,"227":-1,"228":-1,"229":-1,"230":-1},"86":{"65":-2,"68":1,"79":-1,"84":1,"86":1,"97":-1,"101":-2,"111":-1,"115":-1,"140":-1,"154":-1,"156":-1,"192":-2,"193":-2,"194":-2,"195":-2,"196":-2,"197":-2,"198":-2,"210":-1,"211":-1,"212":-1,"213":-1,"214":-1,"216":-1,"222":1,"224":-1,"225":-1,"226":-1,"227":-1,"228":-1,"229":-1,"230":-1,"232":-2,"233":-2,"234":-2,"235":-2,"242":-1,"243":-1,"244":-1,"245":-1,"246":-1,"248":-1},"87":{"65":-2,"79":-1,"84":1,"89":1,"97":-2,"101":-2,"105":-1,"111":-2,"116":-1,"117":-2,"121":-1,"140":-1,"156":-2,"159":1,"192":-2,"193":-2,"194":-2,"195":-2,"196":-2,"197":-2,"198":-2,"210":-1,"211":-1,"212":-1,"213":-1,"214":-1,"216":-1,"221":1,"224":-2,"225":-2,"226":-2,"227":-2,"228":-2,"229":-2,"230":-2,"232":-2,"233":-2,"234":-2,"235":-2,"236":-1,"237":-1,"238":-1,"239":-1,"242":-2,"243":-2,"244":-2,"245":-2,"246":-2,"248":-2,"249":-2,"250":-2,"251":-2,"252":-2,"253":-1,"255":-1},"88":{"97":-1,"224":-1,"225":-1,"226":-1,"227":-1,"228":-1,"229":-1,"230":-1},"89":{"65":-2,"67":-1,"71":-1,"84":1,"87":1,"88":1,"97":-2,"101":-2,"111":-2,"112":-1,"115":-1,"117":-1,"154":-1,"156":-2,"192":-2,"193":-2,"194":-2,"195":-2,"196":-2,"197":-2,"198":-2,"199":-1,"224":-2,"225":-2,"226":-2,"227":-2,"228":-2,"229":-2,"230":-2,"232":-2,"233":-2,"234":-2,"235":-2,"242":-2,"243":-2,"244":-2,"245":-2,"246":-2,"248":-2,"249":-1,"250":-1,"251":-1,"252":-1},"90":{"65":1,"89":1,"90":1,"97":-1,"101":-1,"111":-1,"142":1,"156":-1,"159":1,"192":1,"193":1,"194":1,"195":1,"196":1,"197":1,"198":1,"221":1,"224":-1,"225":-1,"226":-1,"227":-1,"228":-1,"229":-1,"230":-1,"232":-1,"233":-1,"234":-1,"235":-1,"242":-1,"243":-1,"244":-1,"245":-1,"246":-1,"248":-1},"98":{"119":-1,"121":-1,"122":-1,"158":-1,"253":-1,"255":-1},"99":{"105":1,"108":1,"115":1,"154":1,"236":1,"237":1,"238":1,"239":1},"101":{"102":-1,"109":-1,"116":-1,"122":-1,"158":-1},"102":{"97":-2,"99":-2,"100":-1,"101":-1,"103":-1,"109":-1,"110":-1,"111":-2,"112":-1,"113":-2,"115":-1,"117":-1,"154":-1,"156":-2,"224":-2,"225":-2,"226":-2,"227":-2,"228":-2,"229":-2,"230":-2,"231":-2,"232":-1,"233":-1,"234":-1,"235":-1,"241":-1,"242":-2,"243":-2,"244":-2,"245":-2,"246":-2,"248":-2,"249":-1,"250":-1,"251":-1,"252":-1},"104":{"105":-1,"121":-1,"236":-1,"237":-1,"238":-1,"239":-1,"253":-1,"255":-1},"105":{"115":1,"154":1},"107":{"105":1,"108":1,"118":1,"119":1,"121":1,"122":1,"158":1,"236":1,"237":1,"238":1,"239":1,"253":1,"255":1},"109":{"109":-1,"116":-1,"119":-1,"121":-1,"253":-1,"255":-1},"110":{"121":-1,"253":-1,"255":-1},"111":{"116":-1,"119":-1},"114":{"102":1,"103":-1,"112":1,"115":1,"116":1,"118":1,"119":1,"120":1,"121":1,"146":1,"154":1,"253":1,"255":1},"116":{"97":-1,"99":-1,"101":-1,"111":-1,"117":-1,"156":-1,"224":-1,"225":-1,"226":-1,"227":-1,"228":-1,"229":-1,"230":-1,"231":-1,"232":-1,"233":-1,"234":-1,"235":-1,"242":-1,"243":-1,"244":-1,"245":-1,"246":-1,"248":-1,"249":-1,"250":-1,"251":-1,"252":-1},"118":{"116":1,"118":1,"121":1,"253":1,"255":1},"119":{"111":-1,"121":1,"156":-1,"242":-1,"243":-1,"244":-1,"245":-1,"246":-1,"248":-1,"253":1,"255":1},"120":{"116":1,"121":1,"253":1,"255":1},"121":{"97":-1,"102":1,"103":-1,"116":1,"119":1,"146":2,"224":-1,"225":-1,"226":-1,"227":-1,"228":-1,"229":-1,"230":-1},"122":{"97":-1,"99":-1,"101":-1,"111":-1,"156":-1,"224":-1,"225":-1,"226":-1,"227":-1,"228":-1,"229":-1,"230":-1,"231":-1,"232":-1,"233":-1,"234":-1,"235":-1,"242":-1,"243":-1,"244":-1,"245":-1,"246":-1,"248":-1},"138":{"71":1,"83":1,"84":-1,"97":1,"138":1,"224":1,"225":1,"226":1,"227":1,"228":1,"229":1,"230":1},"140":{"68":1,"84":1,"97":-1,"99":-1,"100":-1,"101":-1,"111":-1,"113":-1,"116":-1,"156":-1,"222":1,"224":-1,"225":-1,"226":-1,"227":-1,"228":-1,"229":-1,"230":-1,"231":-1,"232":-1,"233":-1,"234":-1,"235":-1,"242":-1,"243":-1,"244":-1,"245":-1,"246":-1,"248":-1},"142":{"65":1,"89":1,"90":1,"97":-1,"101":-1,"111":-1,"142":1,"156":-1,"159":1,"192":1,"193":1,"194":1,"195":1,"196":1,"197":1,"198":1,"221":1,"224":-1,"225":-1,"226":-1,"227":-1,"228":-1,"229":-1,"230":-1,"232":-1,"233":-1,"234":-1,"235":-1,"242":-1,"243":-1,"244":-1,"245":-1,"246":-1,"248":-1},"146":{"84":1,"86":1,"100":-1,"116":1,"118":1},"156":{"102":-1,"109":-1,"116":-1,"122":-1,"158":-1},"158":{"97":-1,"99":-1,"101":-1,"111":-1,"156":-1,"224":-1,"225":-1,"226":-1,"227":-1,"228":-1,"229":-1,"230":-1,"231":-1,"232":-1,"233":-1,"234":-1,"235":-1,"242":-1,"243":-1,"244":-1,"245":-1,"246":-1,"248":-1},"159":{"65":-2,"67":-1,"71":-1,"84":1,"87":1,"88":1,"97":-2,"101":-2,"111":-2,"112":-1,"115":-1,"117":-1,"154":-1,"156":-2,"192":-2,"193":-2,"194":-2,"195":-2,"196":-2,"197":-2,"198":-2,"199":-1,"224":-2,"225":-2,"226":-2,"227":-2,"228":-2,"229":-2,"230":-2,"232":-2,"233":-2,"234":-2,"235":-2,"242":-2,"243":-2,"244":-2,"245":-2,"246":-2,"248":-2,"249":-1,"250":-1,"251":-1,"252":-1},"192":{"65":1,"67":-1,"68":1,"74":1,"79":-1,"84":-3,"85":-1,"86":-2,"87":-2,"88":1,"89":-2,"90":1,"118":-1,"119":-1,"120":1,"121":-1,"122":1,"140":-1,"142":1,"158":1,"159":-2,"192":1,"193":1,"194":1,"195":1,"196":1,"197":1,"198":1,"199":-1,"210":-1,"211":-1,"212":-1,"213":-1,"214":-1,"216":-1,"217":-1,"218":-1,"219":-1,"220":-1,"221":-2,"222":1,"253":-1,"255":-1},"193":{"65":1,"67":-1,"68":1,"74":1,"79":-1,"84":-3,"85":-1,"86":-2,"87":-2,"88":1,"89":-2,"90":1,"118":-1,"119":-1,"120":1,"121":-1,"122":1,"140":-1,"142":1,"158":1,"159":-2,"192":1,"193":1,"194":1,"195":1,"196":1,"197":1,"198":1,"199":-1,"210":-1,"211":-1,"212":-1,"213":-1,"214":-1,"216":-1,"217":-1,"218":-1,"219":-1,"220":-1,"221":-2,"222":1,"253":-1,"255":-1},"194":{"65":1,"67":-1,"68":1,"74":1,"79":-1,"84":-3,"85":-1,"86":-2,"87":-2,"88":1,"89":-2,"90":1,"118":-1,"119":-1,"120":1,"121":-1,"122":1,"140":-1,"142":1,"158":1,"159":-2,"192":1,"193":1,"194":1,"195":1,"196":1,"197":1,"198":1,"199":-1,"210":-1,"211":-1,"212":-1,"213":-1,"214":-1,"216":-1,"217":-1,"218":-1,"219":-1,"220":-1,"221":-2,"222":1,"253":-1,"255":-1},"195":{"65":1,"67":-1,"68":1,"74":1,"79":-1,"84":-3,"85":-1,"86":-2,"87":-2,"88":1,"89":-2,"90":1,"118":-1,"119":-1,"120":1,"121":-1,"122":1,"140":-1,"142":1,"158":1,"159":-2,"192":1,"193":1,"194":1,"195":1,"196":1,"197":1,"198":1,"199":-1,"210":-1,"211":-1,"212":-1,"213":-1,"214":-1,"216":-1,"217":-1,"218":-1,"219":-1,"220":-1,"221":-2,"222":1,"253":-1,"255":-1},"196":{"65":1,"67":-1,"68":1,"74":1,"79":-1,"84":-3,"85":-1,"86":-2,"87":-2,"88":1,"89":-2,"90":1,"118":-1,"119":-1,"120":1,"121":-1,"122":1,"140":-1,"142":1,"158":1,"159":-2,"192":1,"193":1,"194":1,"195":1,"196":1,"197":1,"198":1,"199":-1,"210":-1,"211":-1,"212":-1,"213":-1,"214":-1,"216":-1,"217":-1,"218":-1,"219":-1,"220":-1,"221":-2,"222":1,"253":-1,"255":-1},"197":{"65":1,"67":-1,"68":1,"74":1,"79":-1,"84":-3,"85":-1,"86":-2,"87":-2,"88":1,"89":-2,"90":1,"118":-1,"119":-1,"120":1,"121":-1,"122":1,"140":-1,"142":1,"158":1,"159":-2,"192":1,"193":1,"194":1,"195":1,"196":1,"197":1,"198":1,"199":-1,"210":-1,"211":-1,"212":-1,"213":-1,"214":-1,"216":-1,"217":-1,"218":-1,"219":-1,"220":-1,"221":-2,"222":1,"253":-1,"255":-1},"198":{"68":1,"84":1,"97":-1,"99":-1,"100":-1,"101":-1,"111":-1,"113":-1,"116":-1,"156":-1,"222":1,"224":-1,"225":-1,"226":-1,"227":-1,"228":-1,"229":-1,"230":-1,"231":-1,"232":-1,"233":-1,"234":-1,"235":-1,"242":-1,"243":-1,"244":-1,"245":-1,"246":-1,"248":-1},"199":{"68":1,"72":1,"83":1,"138":1,"222":1},"200":{"68":1,"84":1,"97":-1,"99":-1,"100":-1,"101":-1,"111":-1,"113":-1,"116":-1,"156":-1,"222":1,"224":-1,"225":-1,"226":-1,"227":-1,"228":-1,"229":-1,"230":-1,"231":-1,"232":-1,"233":-1,"234":-1,"235":-1,"242":-1,"243":-1,"244":-1,"245":-1,"246":-1,"248":-1},"201":{"68":1,"84":1,"97":-1,"99":-1,"100":-1,"101":-1,"111":-1,"113":-1,"116":-1,"156":-1,"222":1,"224":-1,"225":-1,"226":-1,"227":-1,"228":-1,"229":-1,"230":-1,"231":-1,"232":-1,"233":-1,"234":-1,"235":-1,"242":-1,"243":-1,"244":-1,"245":-1,"246":-1,"248":-1},"202":{"68":1,"84":1,"97":-1,"99":-1,"100":-1,"101":-1,"111":-1,"113":-1,"116":-1,"156":-1,"222":1,"224":-1,"225":-1,"226":-1,"227":-1,"228":-1,"229":-1,"230":-1,"231":-1,"232":-1,"233":-1,"234":-1,"235":-1,"242":-1,"243":-1,"244":-1,"245":-1,"246":-1,"248":-1},"203":{"68":1,"84":1,"97":-1,"99":-1,"100":-1,"101":-1,"111":-1,"113":-1,"116":-1,"156":-1,"222":1,"224":-1,"225":-1,"226":-1,"227":-1,"228":-1,"229":-1,"230":-1,"231":-1,"232":-1,"233":-1,"234":-1,"235":-1,"242":-1,"243":-1,"244":-1,"245":-1,"246":-1,"248":-1},"204":{"68":1,"222":1},"205":{"68":1,"222":1},"206":{"68":1,"222":1},"207":{"68":1,"222":1},"210":{"65":-1,"84":-1,"86":-1,"87":-1,"89":-1,"90":-1,"142":-1,"159":-1,"192":-1,"193":-1,"194":-1,"195":-1,"196":-1,"197":-1,"198":-1,"221":-1},"211":{"65":-1,"84":-1,"86":-1,"87":-1,"89":-1,"90":-1,"142":-1,"159":-1,"192":-1,"193":-1,"194":-1,"195":-1,"196":-1,"197":-1,"198":-1,"221":-1},"212":{"65":-1,"84":-1,"86":-1,"87":-1,"89":-1,"90":-1,"142":-1,"159":-1,"192":-1,"193":-1,"194":-1,"195":-1,"196":-1,"197":-1,"198":-1,"221":-1},"213":{"65":-1,"84":-1,"86":-1,"87":-1,"89":-1,"90":-1,"142":-1,"159":-1,"192":-1,"193":-1,"194":-1,"195":-1,"196":-1,"197":-1,"198":-1,"221":-1},"214":{"65":-1,"84":-1,"86":-1,"87":-1,"89":-1,"90":-1,"142":-1,"159":-1,"192":-1,"193":-1,"194":-1,"195":-1,"196":-1,"197":-1,"198":-1,"221":-1},"216":{"65":-1,"84":-1,"86":-1,"87":-1,"89":-1,"90":-1,"142":-1,"159":-1,"192":-1,"193":-1,"194":-1,"195":-1,"196":-1,"197":-1,"198":-1,"221":-1},"217":{"97":-1,"118":-1,"122":-1,"158":-1,"224":-1,"225":-1,"226":-1,"227":-1,"228":-1,"229":-1,"230":-1},"218":{"97":-1,"118":-1,"122":-1,"158":-1,"224":-1,"225":-1,"226":-1,"227":-1,"228":-1,"229":-1,"230":-1},"219":{"97":-1,"118":-1,"122":-1,"158":-1,"224":-1,"225":-1,"226":-1,"227":-1,"228":-1,"229":-1,"230":-1},"220":{"97":-1,"118":-1,"122":-1,"158":-1,"224":-1,"225":-1,"226":-1,"227":-1,"228":-1,"229":-1,"230":-1},"221":{"65":-2,"67":-1,"71":-1,"84":1,"87":1,"88":1,"97":-2,"101":-2,"111":-2,"112":-1,"115":-1,"117":-1,"154":-1,"156":-2,"192":-2,"193":-2,"194":-2,"195":-2,"196":-2,"197":-2,"198":-2,"199":-1,"224":-2,"225":-2,"226":-2,"227":-2,"228":-2,"229":-2,"230":-2,"232":-2,"233":-2,"234":-2,"235":-2,"242":-2,"243":-2,"244":-2,"245":-2,"246":-2,"248":-2,"249":-1,"250":-1,"251":-1,"252":-1},"222":{"68":1,"74":1,"84":-2,"89":-1,"90":-1,"122":-1,"142":-1,"158":-1,"159":-1,"221":-1,"222":1},"230":{"102":-1,"109":-1,"116":-1,"122":-1,"158":-1},"231":{"105":1,"108":1,"115":1,"154":1,"236":1,"237":1,"238":1,"239":1},"232":{"102":-1,"109":-1,"116":-1,"122":-1,"158":-1},"233":{"102":-1,"109":-1,"116":-1,"122":-1,"158":-1},"234":{"102":-1,"109":-1,"116":-1,"122":-1,"158":-1},"235":{"102":-1,"109":-1,"116":-1,"122":-1,"158":-1},"236":{"115":1,"154":1},"237":{"115":1,"154":1},"238":{"115":1,"154":1},"239":{"115":1,"154":1},"241":{"121":-1,"253":-1,"255":-1},"242":{"116":-1,"119":-1},"243":{"116":-1,"119":-1},"244":{"116":-1,"119":-1},"245":{"116":-1,"119":-1},"246":{"116":-1,"119":-1},"248":{"116":-1,"119":-1},"253":{"97":-1,"102":1,"103":-1,"116":1,"119":1,"146":2,"224":-1,"225":-1,"226":-1,"227":-1,"228":-1,"229":-1,"230":-1},"255":{"97":-1,"102":1,"103":-1,"116":1,"119":1,"146":2,"224":-1,"225":-1,"226":-1,"227":-1,"228":-1,"229":-1,"230":-1}},"lineheight":32,"minglyphindex":32,"numglyphs":199,"pageheight":256,"pages":["textures/hero_0.dds"],"pagewidth":512}},"version":1}
