{"version": 1,"name": "npot2D.cgfx","samplers":{"texture":{"MinFilter": 9729,"MagFilter": 9729,"WrapS": 33071,"WrapT": 33071}},"parameters":{"clipSpace":{"type": "float","columns": 4},"texture":{"type": "sampler2D"}},"techniques":{"textured2D":[{"parameters": ["clipSpace","texture"],"semantics": ["ATTR0","ATTR3","ATTR8"],"states":{"DepthTestEnable": false,"DepthMask": false,"CullFaceEnable": false,"BlendEnable": false},"programs": ["vp_draw2D","fp_draw2D"]}]},"programs":{"fp_draw2D":{"type": "fragment","code": "#ifdef GL_ES\n#define TZ_LOWP lowp\nprecision mediump float;\nprecision mediump int;\n#else\n#define TZ_LOWP\n#endif\nvarying TZ_LOWP vec4 tz_Color;varying vec4 tz_TexCoord[1];\nvec4 _ret_0;vec4 _TMP0;uniform sampler2D texture;void main()\n{_TMP0=texture2D(texture,tz_TexCoord[0].xy);_ret_0=tz_Color*_TMP0;gl_FragColor=_ret_0;}"},"vp_draw2D":{"type": "vertex","code": "#ifdef GL_ES\n#define TZ_LOWP lowp\nprecision mediump float;\nprecision mediump int;\n#else\n#define TZ_LOWP\n#endif\nvarying TZ_LOWP vec4 tz_Color;varying vec4 tz_TexCoord[1];attribute vec4 ATTR0;attribute vec4 ATTR3;attribute vec4 ATTR8;\nvec4 _OutColor1;vec4 _OutPosition1;vec2 _OutTexCoord1;uniform vec4 clipSpace;void main()\n{vec2 _TMP2;_TMP2=ATTR0.xy*clipSpace.xy+clipSpace.zw;_OutPosition1=vec4(_TMP2.x,_TMP2.y,0.0,1.0);_OutColor1=ATTR3;_OutTexCoord1=ATTR8.xy;tz_TexCoord[0].xy=ATTR8.xy;gl_Position=_OutPosition1;tz_Color=ATTR3;}"}}}