{"version": 1,"name": "postfx.cgfx","samplers":{"inputTexture0":{"MinFilter": 9729,"MagFilter": 9729,"WrapS": 33071,"WrapT": 33071},"inputTexture1":{"MinFilter": 9729,"MagFilter": 9729,"WrapS": 33071,"WrapT": 33071}},"parameters":{"alpha":{"type": "float"},"luminance":{"type": "float"},"bgColor":{"type": "float","columns": 4},"horzDim":{"type": "float"},"vertDim":{"type": "float"},"Gauss":{"type": "float","rows": 9,"values": [0.93,0.8,0.7,0.6,0.5,0.4,0.3,0.2,0.1]},"inputTexture0":{"type": "sampler2D"},"inputTexture1":{"type": "sampler2D"}},"techniques":{"copy":[{"parameters": ["inputTexture0"],"semantics": ["ATTR0","ATTR8"],"states":{"DepthTestEnable": false,"DepthMask": false,"CullFaceEnable": false,"BlendEnable": false},"programs": ["vp","fp_copy"]}],"invert":[{"parameters": ["inputTexture0"],"semantics": ["ATTR0","ATTR8"],"states":{"DepthTestEnable": false,"DepthMask": false,"CullFaceEnable": false,"BlendEnable": false},"programs": ["vp","fp_invert"]}],"luminance":[{"parameters": ["luminance","bgColor","inputTexture0"],"semantics": ["ATTR0","ATTR8"],"states":{"DepthTestEnable": false,"DepthMask": false,"CullFaceEnable": false,"BlendEnable": false},"programs": ["vp","fp_luminance"]}],"blurvert":[{"parameters": ["vertDim","Gauss","inputTexture0"],"semantics": ["ATTR0","ATTR8"],"states":{"DepthTestEnable": false,"DepthMask": false,"CullFaceEnable": false,"BlendEnable": false},"programs": ["vp","fp_basicblur_vert"]}],"blurhorz":[{"parameters": ["horzDim","Gauss","inputTexture0"],"semantics": ["ATTR0","ATTR8"],"states":{"DepthTestEnable": false,"DepthMask": false,"CullFaceEnable": false,"BlendEnable": false},"programs": ["vp","fp_basicblur_horz"]}],"composite":[{"parameters": ["alpha","inputTexture0","inputTexture1"],"semantics": ["ATTR0","ATTR8"],"states":{"DepthTestEnable": false,"DepthMask": false,"CullFaceEnable": false,"BlendEnable": true},"programs": ["vp","fp_composite"]}]},"programs":{"fp_composite":{"type": "fragment","code": "#ifdef GL_ES\n#define TZ_LOWP lowp\nprecision mediump float;\nprecision mediump int;\n#else\n#define TZ_LOWP\n#endif\nvarying vec4 tz_TexCoord[1];\nvec4 _ret_0;vec4 _TMP1;vec4 _TMP0;uniform float alpha;uniform sampler2D inputTexture0;uniform sampler2D inputTexture1;void main()\n{vec3 _color1;vec3 _TMP10;_TMP0=texture2D(inputTexture0,tz_TexCoord[0].xy);_TMP1=texture2D(inputTexture1,tz_TexCoord[0].xy);_color1=_TMP1.xyz*alpha;_TMP10=_TMP0.xyz+_color1;_ret_0=vec4(_TMP10.x,_TMP10.y,_TMP10.z,1.0);gl_FragColor=_ret_0;}"},"vp":{"type": "vertex","code": "#ifdef GL_ES\n#define TZ_LOWP lowp\nprecision mediump float;\nprecision mediump int;\n#else\n#define TZ_LOWP\n#endif\nvarying vec4 tz_TexCoord[1];attribute vec4 ATTR0;attribute vec4 ATTR8;\nvec4 _OutPosition1;vec2 _OutUV1;void main()\n{_OutPosition1=ATTR0;_OutUV1=ATTR8.xy;tz_TexCoord[0].xy=ATTR8.xy;gl_Position=ATTR0;}"},"fp_basicblur_horz":{"type": "fragment","code": "#ifdef GL_ES\n#define TZ_LOWP lowp\nprecision mediump float;\nprecision mediump int;\n#else\n#define TZ_LOWP\n#endif\nvarying vec4 tz_TexCoord[1];\nvec4 _TMP1;vec2 _c0013;vec2 _c0015;uniform float horzDim;uniform float Gauss[9];uniform sampler2D inputTexture0;void main()\n{vec2 _step;vec4 _color;vec4 _color2;vec2 _dir;_step=vec2(1.0/horzDim,0.0);_TMP1=texture2D(inputTexture0,tz_TexCoord[0].xy);_color=_TMP1*9.94035751E-002;_c0013=tz_TexCoord[0].xy+_step;_color2=texture2D(inputTexture0,_c0013);_color=_color+_color2*(Gauss[0]*9.94035751E-002);_c0015=tz_TexCoord[0].xy-_step;_color2=texture2D(inputTexture0,_c0015);_color=_color+_color2*(Gauss[0]*9.94035751E-002);_dir=_step+_step;_c0013=tz_TexCoord[0].xy+_dir;_color2=texture2D(inputTexture0,_c0013);_color=_color+_color2*(Gauss[1]*9.94035751E-002);_c0015=tz_TexCoord[0].xy-_dir;_color2=texture2D(inputTexture0,_c0015);_color=_color+_color2*(Gauss[1]*9.94035751E-002);_dir=_dir+_step;_c0013=tz_TexCoord[0].xy+_dir;_color2=texture2D(inputTexture0,_c0013);_color=_color+_color2*(Gauss[2]*9.94035751E-002);_c0015=tz_TexCoord[0].xy-_dir;_color2=texture2D(inputTexture0,_c0015);_color=_color+_color2*(Gauss[2]*9.94035751E-002);_dir=_dir+_step;_c0013=tz_TexCoord[0].xy+_dir;_color2=texture2D(inputTexture0,_c0013);_color=_color+_color2*(Gauss[3]*9.94035751E-002);_c0015=tz_TexCoord[0].xy-_dir;_color2=texture2D(inputTexture0,_c0015);_color=_color+_color2*(Gauss[3]*9.94035751E-002);_dir=_dir+_step;_c0013=tz_TexCoord[0].xy+_dir;_color2=texture2D(inputTexture0,_c0013);_color=_color+_color2*(Gauss[4]*9.94035751E-002);_c0015=tz_TexCoord[0].xy-_dir;_color2=texture2D(inputTexture0,_c0015);_color=_color+_color2*(Gauss[4]*9.94035751E-002);_dir=_dir+_step;_c0013=tz_TexCoord[0].xy+_dir;_color2=texture2D(inputTexture0,_c0013);_color=_color+_color2*(Gauss[5]*9.94035751E-002);_c0015=tz_TexCoord[0].xy-_dir;_color2=texture2D(inputTexture0,_c0015);_color=_color+_color2*(Gauss[5]*9.94035751E-002);_dir=_dir+_step;_c0013=tz_TexCoord[0].xy+_dir;_color2=texture2D(inputTexture0,_c0013);_color=_color+_color2*(Gauss[6]*9.94035751E-002);_c0015=tz_TexCoord[0].xy-_dir;_color2=texture2D(inputTexture0,_c0015);_color=_color+_color2*(Gauss[6]*9.94035751E-002);_dir=_dir+_step;_c0013=tz_TexCoord[0].xy+_dir;_color2=texture2D(inputTexture0,_c0013);_color=_color+_color2*(Gauss[7]*9.94035751E-002);_c0015=tz_TexCoord[0].xy-_dir;_color2=texture2D(inputTexture0,_c0015);_color=_color+_color2*(Gauss[7]*9.94035751E-002);_dir=_dir+_step;_c0013=tz_TexCoord[0].xy+_dir;_color2=texture2D(inputTexture0,_c0013);_color=_color+_color2*(Gauss[8]*9.94035751E-002);_c0015=tz_TexCoord[0].xy-_dir;_color2=texture2D(inputTexture0,_c0015);_color=_color+_color2*(Gauss[8]*9.94035751E-002);gl_FragColor=_color;}"},"fp_basicblur_vert":{"type": "fragment","code": "#ifdef GL_ES\n#define TZ_LOWP lowp\nprecision mediump float;\nprecision mediump int;\n#else\n#define TZ_LOWP\n#endif\nvarying vec4 tz_TexCoord[1];\nvec4 _TMP1;vec2 _c0013;vec2 _c0015;uniform float vertDim;uniform float Gauss[9];uniform sampler2D inputTexture0;void main()\n{vec2 _step;vec4 _color;vec4 _color2;vec2 _dir;_step=vec2(0.0,1.0/vertDim);_TMP1=texture2D(inputTexture0,tz_TexCoord[0].xy);_color=_TMP1*9.94035751E-002;_c0013=tz_TexCoord[0].xy+_step;_color2=texture2D(inputTexture0,_c0013);_color=_color+_color2*(Gauss[0]*9.94035751E-002);_c0015=tz_TexCoord[0].xy-_step;_color2=texture2D(inputTexture0,_c0015);_color=_color+_color2*(Gauss[0]*9.94035751E-002);_dir=_step+_step;_c0013=tz_TexCoord[0].xy+_dir;_color2=texture2D(inputTexture0,_c0013);_color=_color+_color2*(Gauss[1]*9.94035751E-002);_c0015=tz_TexCoord[0].xy-_dir;_color2=texture2D(inputTexture0,_c0015);_color=_color+_color2*(Gauss[1]*9.94035751E-002);_dir=_dir+_step;_c0013=tz_TexCoord[0].xy+_dir;_color2=texture2D(inputTexture0,_c0013);_color=_color+_color2*(Gauss[2]*9.94035751E-002);_c0015=tz_TexCoord[0].xy-_dir;_color2=texture2D(inputTexture0,_c0015);_color=_color+_color2*(Gauss[2]*9.94035751E-002);_dir=_dir+_step;_c0013=tz_TexCoord[0].xy+_dir;_color2=texture2D(inputTexture0,_c0013);_color=_color+_color2*(Gauss[3]*9.94035751E-002);_c0015=tz_TexCoord[0].xy-_dir;_color2=texture2D(inputTexture0,_c0015);_color=_color+_color2*(Gauss[3]*9.94035751E-002);_dir=_dir+_step;_c0013=tz_TexCoord[0].xy+_dir;_color2=texture2D(inputTexture0,_c0013);_color=_color+_color2*(Gauss[4]*9.94035751E-002);_c0015=tz_TexCoord[0].xy-_dir;_color2=texture2D(inputTexture0,_c0015);_color=_color+_color2*(Gauss[4]*9.94035751E-002);_dir=_dir+_step;_c0013=tz_TexCoord[0].xy+_dir;_color2=texture2D(inputTexture0,_c0013);_color=_color+_color2*(Gauss[5]*9.94035751E-002);_c0015=tz_TexCoord[0].xy-_dir;_color2=texture2D(inputTexture0,_c0015);_color=_color+_color2*(Gauss[5]*9.94035751E-002);_dir=_dir+_step;_c0013=tz_TexCoord[0].xy+_dir;_color2=texture2D(inputTexture0,_c0013);_color=_color+_color2*(Gauss[6]*9.94035751E-002);_c0015=tz_TexCoord[0].xy-_dir;_color2=texture2D(inputTexture0,_c0015);_color=_color+_color2*(Gauss[6]*9.94035751E-002);_dir=_dir+_step;_c0013=tz_TexCoord[0].xy+_dir;_color2=texture2D(inputTexture0,_c0013);_color=_color+_color2*(Gauss[7]*9.94035751E-002);_c0015=tz_TexCoord[0].xy-_dir;_color2=texture2D(inputTexture0,_c0015);_color=_color+_color2*(Gauss[7]*9.94035751E-002);_dir=_dir+_step;_c0013=tz_TexCoord[0].xy+_dir;_color2=texture2D(inputTexture0,_c0013);_color=_color+_color2*(Gauss[8]*9.94035751E-002);_c0015=tz_TexCoord[0].xy-_dir;_color2=texture2D(inputTexture0,_c0015);_color=_color+_color2*(Gauss[8]*9.94035751E-002);gl_FragColor=_color;}"},"fp_luminance":{"type": "fragment","code": "#ifdef GL_ES\n#define TZ_LOWP lowp\nprecision mediump float;\nprecision mediump int;\n#else\n#define TZ_LOWP\n#endif\nvarying vec4 tz_TexCoord[1];\nvec4 _ret_0;float _TMP1;float _TMP0;float _a0013;float _val0015;uniform float luminance;uniform vec4 bgColor;uniform sampler2D inputTexture0;void main()\n{vec4 _color;float _lum;_color=texture2D(inputTexture0,tz_TexCoord[0].xy);_lum=_color.x*3.00000012E-001+_color.y*5.89999974E-001+_color.z*1.09999999E-001;_a0013=_lum-luminance;_TMP0=max(_a0013,0.0);_val0015=float((_TMP0>0.0));_TMP1=_val0015-float((_TMP0<0.0));_ret_0=bgColor+_TMP1*(_color-bgColor);gl_FragColor=_ret_0;}"},"fp_invert":{"type": "fragment","code": "#ifdef GL_ES\n#define TZ_LOWP lowp\nprecision mediump float;\nprecision mediump int;\n#else\n#define TZ_LOWP\n#endif\nvarying vec4 tz_TexCoord[1];\nuniform sampler2D inputTexture0;void main()\n{vec4 _color;_color=texture2D(inputTexture0,tz_TexCoord[0].xy);_color.xyz=1.0-_color.xyz;gl_FragColor=_color;}"},"fp_copy":{"type": "fragment","code": "#ifdef GL_ES\n#define TZ_LOWP lowp\nprecision mediump float;\nprecision mediump int;\n#else\n#define TZ_LOWP\n#endif\nvarying vec4 tz_TexCoord[1];\nvec4 _ret_0;vec4 _TMP0;uniform sampler2D inputTexture0;void main()\n{_TMP0=texture2D(inputTexture0,tz_TexCoord[0].xy);_ret_0=vec4(_TMP0.x,_TMP0.y,_TMP0.z,1.0);gl_FragColor=_ret_0;}"}}}