{"version": 1,"name": "posteffects.cgfx","samplers":{"colorTexture":{"MinFilter": 9728,"MagFilter": 9728,"WrapS": 33071,"WrapT": 33071},"colorTextureFiltered":{"MinFilter": 9729,"MagFilter": 9729,"WrapS": 33071,"WrapT": 33071}},"parameters":{"fadeColor":{"type": "float","columns": 4},"color0":{"type": "float","columns": 3},"color1":{"type": "float","columns": 3},"modulateColor":{"type": "float","columns": 3},"alpha":{"type": "float"},"colorTexture":{"type": "sampler2D"},"colorTextureFiltered":{"type": "sampler2D"}},"techniques":{"fadein":[{"parameters": ["fadeColor","colorTexture"],"semantics": ["ATTR0","ATTR8"],"states":{"DepthTestEnable": false,"DepthMask": false,"CullFaceEnable": false,"BlendEnable": false},"programs": ["vp","fp_fade"]}],"copy":[{"parameters": ["colorTexture"],"semantics": ["ATTR0","ATTR8"],"states":{"DepthTestEnable": false,"DepthMask": false,"CullFaceEnable": false,"BlendEnable": false},"programs": ["vp","fp_copy"]}],"copyFiltered":[{"parameters": ["colorTextureFiltered"],"semantics": ["ATTR0","ATTR8"],"states":{"DepthTestEnable": false,"DepthMask": false,"CullFaceEnable": false,"BlendEnable": false},"programs": ["vp","fp_copyFiltered"]}],"bicolor":[{"parameters": ["color0","color1","colorTexture"],"semantics": ["ATTR0","ATTR8"],"states":{"DepthTestEnable": false,"DepthMask": false,"CullFaceEnable": false,"BlendEnable": false},"programs": ["vp","fp_bicolor"]}],"modulate":[{"parameters": ["modulateColor","colorTexture"],"semantics": ["ATTR0","ATTR8"],"states":{"DepthTestEnable": false,"DepthMask": false,"CullFaceEnable": false,"BlendEnable": false},"programs": ["vp","fp_modulate"]}],"blend":[{"parameters": ["alpha","colorTexture"],"semantics": ["ATTR0","ATTR8"],"states":{"DepthTestEnable": false,"DepthMask": false,"CullFaceEnable": false,"BlendEnable": true,"BlendFunc": [770,771]},"programs": ["vp","fp_blend"]}]},"programs":{"fp_blend":{"type": "fragment","code": "#ifdef GL_ES\n#define TZ_LOWP lowp\nprecision mediump float;\nprecision mediump int;\n#else\n#define TZ_LOWP\n#endif\nvarying vec4 tz_TexCoord[1];\nvec4 _ret_0;vec4 _TMP0;uniform float alpha;uniform sampler2D colorTexture;void main()\n{_TMP0=texture2D(colorTexture,tz_TexCoord[0].xy);_ret_0=vec4(_TMP0.x,_TMP0.y,_TMP0.z,alpha);gl_FragColor=_ret_0;}"},"vp":{"type": "vertex","code": "#ifdef GL_ES\n#define TZ_LOWP lowp\nprecision mediump float;\nprecision mediump int;\n#else\n#define TZ_LOWP\n#endif\nvarying vec4 tz_TexCoord[1];attribute vec4 ATTR0;attribute vec4 ATTR8;\nvec4 _OUTPosition1;vec2 _OUTUV1;void main()\n{_OUTPosition1=ATTR0;_OUTUV1=ATTR8.xy;tz_TexCoord[0].xy=ATTR8.xy;gl_Position=ATTR0;}"},"fp_modulate":{"type": "fragment","code": "#ifdef GL_ES\n#define TZ_LOWP lowp\nprecision mediump float;\nprecision mediump int;\n#else\n#define TZ_LOWP\n#endif\nvarying vec4 tz_TexCoord[1];\nvec4 _ret_0;vec4 _TMP0;uniform vec3 modulateColor;uniform sampler2D colorTexture;void main()\n{vec3 _TMP8;_TMP0=texture2D(colorTexture,tz_TexCoord[0].xy);_TMP8=_TMP0.xyz*modulateColor;_ret_0=vec4(_TMP8.x,_TMP8.y,_TMP8.z,1.0);gl_FragColor=_ret_0;}"},"fp_bicolor":{"type": "fragment","code": "#ifdef GL_ES\n#define TZ_LOWP lowp\nprecision mediump float;\nprecision mediump int;\n#else\n#define TZ_LOWP\n#endif\nvarying vec4 tz_TexCoord[1];\nvec4 _ret_0;vec3 _TMP1;vec4 _TMP0;uniform vec3 color0;uniform vec3 color1;uniform sampler2D colorTexture;void main()\n{float _luminance;_TMP0=texture2D(colorTexture,tz_TexCoord[0].xy);_luminance=3.00000012E-001*_TMP0.x+5.89999974E-001*_TMP0.y+1.09999999E-001*_TMP0.z;_TMP1=color0+_luminance*(color1-color0);_ret_0=vec4(_TMP1.x,_TMP1.y,_TMP1.z,1.0);gl_FragColor=_ret_0;}"},"fp_copyFiltered":{"type": "fragment","code": "#ifdef GL_ES\n#define TZ_LOWP lowp\nprecision mediump float;\nprecision mediump int;\n#else\n#define TZ_LOWP\n#endif\nvarying vec4 tz_TexCoord[1];\nvec4 _ret_0;uniform sampler2D colorTextureFiltered;void main()\n{_ret_0=texture2D(colorTextureFiltered,tz_TexCoord[0].xy);gl_FragColor=_ret_0;}"},"fp_copy":{"type": "fragment","code": "#ifdef GL_ES\n#define TZ_LOWP lowp\nprecision mediump float;\nprecision mediump int;\n#else\n#define TZ_LOWP\n#endif\nvarying vec4 tz_TexCoord[1];\nvec4 _ret_0;uniform sampler2D colorTexture;void main()\n{_ret_0=texture2D(colorTexture,tz_TexCoord[0].xy);gl_FragColor=_ret_0;}"},"fp_fade":{"type": "fragment","code": "#ifdef GL_ES\n#define TZ_LOWP lowp\nprecision mediump float;\nprecision mediump int;\n#else\n#define TZ_LOWP\n#endif\nvarying vec4 tz_TexCoord[1];\nvec4 _ret_0;vec3 _TMP2;float _TMP1;float _TMP3;vec4 _TMP0;float _TMP18;uniform vec4 fadeColor;uniform sampler2D colorTexture;void main()\n{_TMP0=texture2D(colorTexture,tz_TexCoord[0].xy);_TMP3=min(1.0,fadeColor.w);_TMP18=max(0.0,_TMP3);_TMP1=_TMP18*_TMP18*(3.0-2.0*_TMP18);_TMP2=_TMP0.xyz+_TMP1*(fadeColor.xyz-_TMP0.xyz);_ret_0=vec4(_TMP2.x,_TMP2.y,_TMP2.z,1.0);gl_FragColor=_ret_0;}"}}}