{"version": 1,"name": "standard.cgfx","parameters":{"skinBones":{"type": "float","rows": 225,"columns": 4},"uvTransform":{"type": "float","rows": 3,"columns": 2,"values": [1,0,0,1,0,0]},"worldTranspose":{"type": "float","rows": 3,"columns": 4},"worldInverseTranspose":{"type": "float","rows": 3,"columns": 3},"worldViewProjection":{"type": "float","rows": 4,"columns": 4},"materialColor":{"type": "float","columns": 4},"eyePosition":{"type": "float","columns": 3},"lightPosition":{"type": "float","columns": 3},"lightColor":{"type": "float","columns": 3},"ambientColor":{"type": "float","columns": 3},"Ks":{"type": "float","values": [0.5]},"SpecularExponent":{"type": "float","values": [55]},"diffuse":{"type": "sampler2D"}},"techniques":{"flat":[{"name": "p0","parameters": ["worldTranspose","worldInverseTranspose","worldViewProjection","materialColor","lightPosition","lightColor","ambientColor"],"semantics": ["ATTR0","ATTR2"],"states":{"DepthTestEnable": true,"DepthFunc": 515,"DepthMask": true,"CullFaceEnable": true,"CullFace": 1029,"BlendEnable": false},"programs": ["vp_flat","fp_flat"]}],"flat_skinned":[{"name": "p0","parameters": ["skinBones","worldTranspose","worldInverseTranspose","worldViewProjection","materialColor","lightPosition","lightColor","ambientColor"],"semantics": ["ATTR0","ATTR2","ATTR7","ATTR1"],"states":{"DepthTestEnable": true,"DepthFunc": 515,"DepthMask": true,"CullFaceEnable": true,"CullFace": 1029,"BlendEnable": false},"programs": ["vp_flat_skinned","fp_flat"]}],"lambert":[{"name": "p0","parameters": ["uvTransform","worldTranspose","worldInverseTranspose","worldViewProjection","lightPosition","lightColor","ambientColor","diffuse"],"semantics": ["ATTR0","ATTR2","ATTR8"],"states":{"DepthTestEnable": true,"DepthFunc": 515,"DepthMask": true,"CullFaceEnable": true,"CullFace": 1029,"BlendEnable": false},"programs": ["vp_lambert","fp_lambert"]}],"lambert_skinned":[{"name": "p0","parameters": ["skinBones","uvTransform","worldTranspose","worldInverseTranspose","worldViewProjection","lightPosition","lightColor","ambientColor","diffuse"],"semantics": ["ATTR0","ATTR2","ATTR8","ATTR7","ATTR1"],"states":{"DepthTestEnable": true,"DepthFunc": 515,"DepthMask": true,"CullFaceEnable": true,"CullFace": 1029,"BlendEnable": false},"programs": ["vp_lambert_skinned","fp_lambert"]}],"blinn":[{"name": "p0","parameters": ["uvTransform","worldTranspose","worldInverseTranspose","worldViewProjection","eyePosition","lightPosition","lightColor","ambientColor","Ks","SpecularExponent","diffuse"],"semantics": ["ATTR0","ATTR2","ATTR8"],"states":{"DepthTestEnable": true,"DepthFunc": 515,"DepthMask": true,"CullFaceEnable": true,"CullFace": 1029,"BlendEnable": false},"programs": ["vp_perpixel","fp_blinn"]}],"blinn_skinned":[{"name": "p0","parameters": ["skinBones","uvTransform","worldTranspose","worldInverseTranspose","worldViewProjection","eyePosition","lightPosition","lightColor","ambientColor","Ks","SpecularExponent","diffuse"],"semantics": ["ATTR0","ATTR2","ATTR8","ATTR7","ATTR1"],"states":{"DepthTestEnable": true,"DepthFunc": 515,"DepthMask": true,"CullFaceEnable": true,"CullFace": 1029,"BlendEnable": false},"programs": ["vp_perpixel_skinned","fp_blinn"]}],"phong":[{"name": "p0","parameters": ["uvTransform","worldTranspose","worldInverseTranspose","worldViewProjection","eyePosition","lightPosition","lightColor","ambientColor","Ks","SpecularExponent","diffuse"],"semantics": ["ATTR0","ATTR2","ATTR8"],"states":{"DepthTestEnable": true,"DepthFunc": 515,"DepthMask": true,"CullFaceEnable": true,"CullFace": 1029,"BlendEnable": false},"programs": ["vp_perpixel","fp_phong"]}],"phong_skinned":[{"name": "p0","parameters": ["skinBones","uvTransform","worldTranspose","worldInverseTranspose","worldViewProjection","eyePosition","lightPosition","lightColor","ambientColor","Ks","SpecularExponent","diffuse"],"semantics": ["ATTR0","ATTR2","ATTR8","ATTR7","ATTR1"],"states":{"DepthTestEnable": true,"DepthFunc": 515,"DepthMask": true,"CullFaceEnable": true,"CullFace": 1029,"BlendEnable": false},"programs": ["vp_perpixel_skinned","fp_phong"]}]},"programs":{"fp_phong":{"type": "fragment","code": "#ifdef GL_ES\n#define TZ_LOWP lowp\nprecision mediump float;\nprecision mediump int;\n#else\n#define TZ_LOWP\n#endif\nvarying vec4 tz_TexCoord[4];\nvec4 _ret_0;vec4 _TMP0;float _TMP4;float _TMP7;float _TMP3;float _TMP6;float _TMP2;float _TMP1;vec3 _R0040;float _s0040;vec3 _DiffuseContrib0040;vec3 _SpecularContrib0040;vec3 _i0042;float _TMP49;float _TMP59;uniform vec3 lightColor;uniform vec3 ambientColor;uniform float Ks;uniform float SpecularExponent;uniform sampler2D diffuse;void main()\n{vec3 _Nn1;vec3 _Ln1;vec3 _Vn1;vec3 _result;_TMP1=dot(tz_TexCoord[1].xyz,tz_TexCoord[1].xyz);_TMP2=inversesqrt(_TMP1);_Nn1=_TMP2*tz_TexCoord[1].xyz;_TMP1=dot(tz_TexCoord[2].xyz,tz_TexCoord[2].xyz);_TMP2=inversesqrt(_TMP1);_Ln1=_TMP2*tz_TexCoord[2].xyz;_TMP1=dot(tz_TexCoord[3].xyz,tz_TexCoord[3].xyz);_TMP2=inversesqrt(_TMP1);_Vn1=_TMP2*tz_TexCoord[3].xyz;_i0042=-_Ln1;_TMP6=dot(_Nn1,_i0042);_R0040=_i0042-(2.0*_Nn1)*_TMP6;_TMP3=dot(_Ln1,_Nn1);_TMP7=min(1.0,_TMP3);_TMP49=max(0.0,_TMP7);_TMP4=dot(_R0040,_Vn1);_TMP7=min(1.0,_TMP4);_TMP59=max(0.0,_TMP7);_s0040=pow(_TMP59,SpecularExponent);_DiffuseContrib0040=_TMP49*lightColor;_SpecularContrib0040=(float((_TMP49>0.0))*_s0040*Ks)*lightColor;_TMP0=texture2D(diffuse,tz_TexCoord[0].xy);_result=_SpecularContrib0040+_TMP0.xyz*(_DiffuseContrib0040+ambientColor);_ret_0=vec4(_result.x,_result.y,_result.z,1.0);gl_FragColor=_ret_0;}"},"vp_perpixel_skinned":{"type": "vertex","code": "#ifdef GL_ES\n#define TZ_LOWP lowp\nprecision mediump float;\nprecision mediump int;\n#else\n#define TZ_LOWP\n#endif\nvarying vec4 tz_TexCoord[4];attribute vec4 ATTR0;attribute vec3 ATTR2;attribute vec4 ATTR8;\nstruct SkinTransform{vec4 _X;vec4 _Y;vec4 _Z;};struct VP_OUT{vec4 _Position7;vec2 _UV3;vec3 _Normal5;vec3 _Light;vec3 _View;};float _TMP1;float _TMP0;float _TMP4;float _TMP3;float _TMP2;vec4 _indices0022;ivec4 _Indices0022;SkinTransform _skinWeightTransform0022;vec4 _p0046;vec3 _v0056;vec3 _v0062;attribute vec4 ATTR7;attribute vec4 ATTR1;uniform vec4 skinBones[225];uniform vec2 uvTransform[3];uniform vec4 worldTranspose[3];uniform vec3 worldInverseTranspose[3];uniform vec4 worldViewProjection[4];uniform vec3 eyePosition;uniform vec3 lightPosition;void main()\n{VP_OUT _OUT;vec4 _skinTempPosition;vec3 _Position;vec3 _Normal;vec3 _position;_indices0022=ATTR7*3.0;_Indices0022=ivec4(int(_indices0022.x),int(_indices0022.y),int(_indices0022.z),int(_indices0022.w));_skinWeightTransform0022._X=ATTR1.x*skinBones[_Indices0022.x];_skinWeightTransform0022._Y=ATTR1.x*skinBones[(_Indices0022.x+1)];_skinWeightTransform0022._Z=ATTR1.x*skinBones[(_Indices0022.x+2)];_skinWeightTransform0022._X=_skinWeightTransform0022._X+ATTR1.y*skinBones[_Indices0022.y];_skinWeightTransform0022._Y=_skinWeightTransform0022._Y+ATTR1.y*skinBones[(_Indices0022.y+1)];_skinWeightTransform0022._Z=_skinWeightTransform0022._Z+ATTR1.y*skinBones[(_Indices0022.y+2)];_skinWeightTransform0022._X=_skinWeightTransform0022._X+ATTR1.z*skinBones[_Indices0022.z];_skinWeightTransform0022._Y=_skinWeightTransform0022._Y+ATTR1.z*skinBones[(_Indices0022.z+1)];_skinWeightTransform0022._Z=_skinWeightTransform0022._Z+ATTR1.z*skinBones[(_Indices0022.z+2)];_skinWeightTransform0022._X=_skinWeightTransform0022._X+ATTR1.w*skinBones[_Indices0022.w];_skinWeightTransform0022._Y=_skinWeightTransform0022._Y+ATTR1.w*skinBones[(_Indices0022.w+1)];_skinWeightTransform0022._Z=_skinWeightTransform0022._Z+ATTR1.w*skinBones[(_Indices0022.w+2)];_skinTempPosition=vec4(ATTR0.x,ATTR0.y,ATTR0.z,1.0);_Position.x=dot(_skinTempPosition,_skinWeightTransform0022._X);_Position.y=dot(_skinTempPosition,_skinWeightTransform0022._Y);_Position.z=dot(_skinTempPosition,_skinWeightTransform0022._Z);_Normal.x=dot(ATTR2.xyz,_skinWeightTransform0022._X.xyz);_Normal.y=dot(ATTR2.xyz,_skinWeightTransform0022._Y.xyz);_Normal.z=dot(ATTR2.xyz,_skinWeightTransform0022._Z.xyz);_TMP0=dot(_Normal,_Normal);_TMP1=inversesqrt(_TMP0);_Normal=_TMP1*_Normal;_OUT._Position7=_Position.xxxx*worldViewProjection[0]+_Position.yyyy*worldViewProjection[1]+_Position.zzzz*worldViewProjection[2]+worldViewProjection[3];_OUT._UV3=ATTR8.xx*uvTransform[0]+ATTR8.yy*uvTransform[1]+uvTransform[2];_p0046=vec4(_Position.x,_Position.y,_Position.z,1.0);_TMP2=dot(_p0046,worldTranspose[0]);_TMP3=dot(_p0046,worldTranspose[1]);_TMP4=dot(_p0046,worldTranspose[2]);_position=vec3(_TMP2,_TMP3,_TMP4);_OUT._Normal5=_Normal.xxx*worldInverseTranspose[0]+_Normal.yyy*worldInverseTranspose[1]+_Normal.zzz*worldInverseTranspose[2];_v0056=lightPosition-_position;_TMP0=dot(_v0056,_v0056);_TMP1=inversesqrt(_TMP0);_OUT._Light=_TMP1*_v0056;_v0062=eyePosition-_position;_TMP0=dot(_v0062,_v0062);_TMP1=inversesqrt(_TMP0);_OUT._View=_TMP1*_v0062;tz_TexCoord[2].xyz=_OUT._Light;tz_TexCoord[0].xy=_OUT._UV3;tz_TexCoord[3].xyz=_OUT._View;tz_TexCoord[1].xyz=_OUT._Normal5;gl_Position=_OUT._Position7;}"},"vp_perpixel":{"type": "vertex","code": "#ifdef GL_ES\n#define TZ_LOWP lowp\nprecision mediump float;\nprecision mediump int;\n#else\n#define TZ_LOWP\n#endif\nvarying vec4 tz_TexCoord[4];attribute vec4 ATTR0;attribute vec3 ATTR2;attribute vec4 ATTR8;\nstruct VP_OUT{vec4 _Position6;vec2 _UV3;vec3 _Normal4;vec3 _Light;vec3 _View;};float _TMP4;float _TMP3;float _TMP2;float _TMP1;float _TMP0;vec4 _p0025;vec3 _v0035;vec3 _v0041;uniform vec2 uvTransform[3];uniform vec4 worldTranspose[3];uniform vec3 worldInverseTranspose[3];uniform vec4 worldViewProjection[4];uniform vec3 eyePosition;uniform vec3 lightPosition;void main()\n{VP_OUT _OUT;vec3 _position;_OUT._Position6=ATTR0.xxxx*worldViewProjection[0]+ATTR0.yyyy*worldViewProjection[1]+ATTR0.zzzz*worldViewProjection[2]+worldViewProjection[3];_OUT._UV3=ATTR8.xx*uvTransform[0]+ATTR8.yy*uvTransform[1]+uvTransform[2];_p0025=vec4(ATTR0.x,ATTR0.y,ATTR0.z,1.0);_TMP0=dot(_p0025,worldTranspose[0]);_TMP1=dot(_p0025,worldTranspose[1]);_TMP2=dot(_p0025,worldTranspose[2]);_position=vec3(_TMP0,_TMP1,_TMP2);_OUT._Normal4=ATTR2.xxx*worldInverseTranspose[0]+ATTR2.yyy*worldInverseTranspose[1]+ATTR2.zzz*worldInverseTranspose[2];_v0035=lightPosition-_position;_TMP3=dot(_v0035,_v0035);_TMP4=inversesqrt(_TMP3);_OUT._Light=_TMP4*_v0035;_v0041=eyePosition-_position;_TMP3=dot(_v0041,_v0041);_TMP4=inversesqrt(_TMP3);_OUT._View=_TMP4*_v0041;tz_TexCoord[2].xyz=_OUT._Light;tz_TexCoord[0].xy=_OUT._UV3;tz_TexCoord[3].xyz=_OUT._View;tz_TexCoord[1].xyz=_OUT._Normal4;gl_Position=_OUT._Position6;}"},"fp_blinn":{"type": "fragment","code": "#ifdef GL_ES\n#define TZ_LOWP lowp\nprecision mediump float;\nprecision mediump int;\n#else\n#define TZ_LOWP\n#endif\nvarying vec4 tz_TexCoord[4];\nvec4 _ret_0;vec4 _TMP0;float _TMP4;float _TMP6;float _TMP3;float _TMP2;float _TMP1;vec3 _Hn0039;float _s0039;vec3 _DiffuseContrib0039;vec3 _SpecularContrib0039;vec3 _v0041;float _TMP50;float _TMP60;uniform vec3 lightColor;uniform vec3 ambientColor;uniform float Ks;uniform float SpecularExponent;uniform sampler2D diffuse;void main()\n{vec3 _Nn1;vec3 _Ln1;vec3 _Vn1;vec3 _result;_TMP1=dot(tz_TexCoord[1].xyz,tz_TexCoord[1].xyz);_TMP2=inversesqrt(_TMP1);_Nn1=_TMP2*tz_TexCoord[1].xyz;_TMP1=dot(tz_TexCoord[2].xyz,tz_TexCoord[2].xyz);_TMP2=inversesqrt(_TMP1);_Ln1=_TMP2*tz_TexCoord[2].xyz;_TMP1=dot(tz_TexCoord[3].xyz,tz_TexCoord[3].xyz);_TMP2=inversesqrt(_TMP1);_Vn1=_TMP2*tz_TexCoord[3].xyz;_v0041=_Vn1+_Ln1;_TMP1=dot(_v0041,_v0041);_TMP2=inversesqrt(_TMP1);_Hn0039=_TMP2*_v0041;_TMP3=dot(_Ln1,_Nn1);_TMP6=min(1.0,_TMP3);_TMP50=max(0.0,_TMP6);_TMP4=dot(_Hn0039,_Nn1);_TMP6=min(1.0,_TMP4);_TMP60=max(0.0,_TMP6);_s0039=pow(_TMP60,SpecularExponent);_DiffuseContrib0039=_TMP50*lightColor;_SpecularContrib0039=(float((_TMP50>0.0))*_s0039*Ks)*lightColor;_TMP0=texture2D(diffuse,tz_TexCoord[0].xy);_result=_SpecularContrib0039+_TMP0.xyz*(_DiffuseContrib0039+ambientColor);_ret_0=vec4(_result.x,_result.y,_result.z,1.0);gl_FragColor=_ret_0;}"},"fp_lambert":{"type": "fragment","code": "#ifdef GL_ES\n#define TZ_LOWP lowp\nprecision mediump float;\nprecision mediump int;\n#else\n#define TZ_LOWP\n#endif\nvarying TZ_LOWP vec4 tz_Color;varying vec4 tz_TexCoord[1];\nvec4 _ret_0;vec4 _TMP0;uniform sampler2D diffuse;void main()\n{_TMP0=texture2D(diffuse,tz_TexCoord[0].xy);_ret_0=tz_Color*_TMP0;gl_FragColor=_ret_0;}"},"vp_lambert_skinned":{"type": "vertex","code": "#ifdef GL_ES\n#define TZ_LOWP lowp\nprecision mediump float;\nprecision mediump int;\n#else\n#define TZ_LOWP\n#endif\nvarying TZ_LOWP vec4 tz_Color;varying vec4 tz_TexCoord[1];attribute vec4 ATTR0;attribute vec3 ATTR2;attribute vec4 ATTR8;\nstruct SkinTransform{vec4 _X;vec4 _Y;vec4 _Z;};struct VP_LAMBERT_OUT{vec4 _Position5;vec4 _Color;vec2 _UV2;};float _TMP1;float _TMP8;float _TMP4;float _TMP3;vec3 _TMP0;float _TMP7;float _TMP6;float _TMP5;vec4 _indices0027;ivec4 _Indices0027;SkinTransform _skinWeightTransform0027;vec4 _p0049;vec3 _v0065;float _TMP74;attribute vec4 ATTR7;attribute vec4 ATTR1;uniform vec4 skinBones[225];uniform vec2 uvTransform[3];uniform vec4 worldTranspose[3];uniform vec3 worldInverseTranspose[3];uniform vec4 worldViewProjection[4];uniform vec3 lightPosition;uniform vec3 lightColor;uniform vec3 ambientColor;void main()\n{VP_LAMBERT_OUT _OUT;vec4 _skinTempPosition;vec3 _Position;vec3 _Normal;vec3 _position;vec3 _normal;vec3 _lv;vec3 _TMP23;_indices0027=ATTR7*3.0;_Indices0027=ivec4(int(_indices0027.x),int(_indices0027.y),int(_indices0027.z),int(_indices0027.w));_skinWeightTransform0027._X=ATTR1.x*skinBones[_Indices0027.x];_skinWeightTransform0027._Y=ATTR1.x*skinBones[(_Indices0027.x+1)];_skinWeightTransform0027._Z=ATTR1.x*skinBones[(_Indices0027.x+2)];_skinWeightTransform0027._X=_skinWeightTransform0027._X+ATTR1.y*skinBones[_Indices0027.y];_skinWeightTransform0027._Y=_skinWeightTransform0027._Y+ATTR1.y*skinBones[(_Indices0027.y+1)];_skinWeightTransform0027._Z=_skinWeightTransform0027._Z+ATTR1.y*skinBones[(_Indices0027.y+2)];_skinWeightTransform0027._X=_skinWeightTransform0027._X+ATTR1.z*skinBones[_Indices0027.z];_skinWeightTransform0027._Y=_skinWeightTransform0027._Y+ATTR1.z*skinBones[(_Indices0027.z+1)];_skinWeightTransform0027._Z=_skinWeightTransform0027._Z+ATTR1.z*skinBones[(_Indices0027.z+2)];_skinWeightTransform0027._X=_skinWeightTransform0027._X+ATTR1.w*skinBones[_Indices0027.w];_skinWeightTransform0027._Y=_skinWeightTransform0027._Y+ATTR1.w*skinBones[(_Indices0027.w+1)];_skinWeightTransform0027._Z=_skinWeightTransform0027._Z+ATTR1.w*skinBones[(_Indices0027.w+2)];_skinTempPosition=vec4(ATTR0.x,ATTR0.y,ATTR0.z,1.0);_Position.x=dot(_skinTempPosition,_skinWeightTransform0027._X);_Position.y=dot(_skinTempPosition,_skinWeightTransform0027._Y);_Position.z=dot(_skinTempPosition,_skinWeightTransform0027._Z);_Normal.x=dot(ATTR2.xyz,_skinWeightTransform0027._X.xyz);_Normal.y=dot(ATTR2.xyz,_skinWeightTransform0027._Y.xyz);_Normal.z=dot(ATTR2.xyz,_skinWeightTransform0027._Z.xyz);_TMP3=dot(_Normal,_Normal);_TMP4=inversesqrt(_TMP3);_Normal=_TMP4*_Normal;_OUT._Position5=_Position.xxxx*worldViewProjection[0]+_Position.yyyy*worldViewProjection[1]+_Position.zzzz*worldViewProjection[2]+worldViewProjection[3];_p0049=vec4(_Position.x,_Position.y,_Position.z,1.0);_TMP5=dot(_p0049,worldTranspose[0]);_TMP6=dot(_p0049,worldTranspose[1]);_TMP7=dot(_p0049,worldTranspose[2]);_position=vec3(_TMP5,_TMP6,_TMP7);_TMP0=_Normal.xxx*worldInverseTranspose[0]+_Normal.yyy*worldInverseTranspose[1]+_Normal.zzz*worldInverseTranspose[2];_TMP3=dot(_TMP0,_TMP0);_TMP4=inversesqrt(_TMP3);_normal=_TMP4*_TMP0;_v0065=lightPosition-_position;_TMP3=dot(_v0065,_v0065);_TMP4=inversesqrt(_TMP3);_lv=_TMP4*_v0065;_TMP1=dot(_normal,_lv);_TMP8=min(1.0,_TMP1);_TMP74=max(0.0,_TMP8);_TMP23=_TMP74*lightColor+ambientColor;_OUT._Color=vec4(_TMP23.x,_TMP23.y,_TMP23.z,1.0);_OUT._UV2=ATTR8.xx*uvTransform[0]+ATTR8.yy*uvTransform[1]+uvTransform[2];tz_TexCoord[0].xy=_OUT._UV2;gl_Position=_OUT._Position5;tz_Color=_OUT._Color;}"},"vp_lambert":{"type": "vertex","code": "#ifdef GL_ES\n#define TZ_LOWP lowp\nprecision mediump float;\nprecision mediump int;\n#else\n#define TZ_LOWP\n#endif\nvarying TZ_LOWP vec4 tz_Color;varying vec4 tz_TexCoord[1];attribute vec4 ATTR0;attribute vec3 ATTR2;attribute vec4 ATTR8;\nstruct VP_LAMBERT_OUT{vec4 _Position4;vec4 _Color;vec2 _UV2;};float _TMP1;float _TMP8;float _TMP7;float _TMP6;vec3 _TMP0;float _TMP5;float _TMP4;float _TMP3;vec4 _p0028;vec3 _v0044;float _TMP53;uniform vec2 uvTransform[3];uniform vec4 worldTranspose[3];uniform vec3 worldInverseTranspose[3];uniform vec4 worldViewProjection[4];uniform vec3 lightPosition;uniform vec3 lightColor;uniform vec3 ambientColor;void main()\n{VP_LAMBERT_OUT _OUT;vec3 _position;vec3 _normal;vec3 _lv;vec3 _TMP23;_OUT._Position4=ATTR0.xxxx*worldViewProjection[0]+ATTR0.yyyy*worldViewProjection[1]+ATTR0.zzzz*worldViewProjection[2]+worldViewProjection[3];_p0028=vec4(ATTR0.x,ATTR0.y,ATTR0.z,1.0);_TMP3=dot(_p0028,worldTranspose[0]);_TMP4=dot(_p0028,worldTranspose[1]);_TMP5=dot(_p0028,worldTranspose[2]);_position=vec3(_TMP3,_TMP4,_TMP5);_TMP0=ATTR2.xxx*worldInverseTranspose[0]+ATTR2.yyy*worldInverseTranspose[1]+ATTR2.zzz*worldInverseTranspose[2];_TMP6=dot(_TMP0,_TMP0);_TMP7=inversesqrt(_TMP6);_normal=_TMP7*_TMP0;_v0044=lightPosition-_position;_TMP6=dot(_v0044,_v0044);_TMP7=inversesqrt(_TMP6);_lv=_TMP7*_v0044;_TMP1=dot(_normal,_lv);_TMP8=min(1.0,_TMP1);_TMP53=max(0.0,_TMP8);_TMP23=_TMP53*lightColor+ambientColor;_OUT._Color=vec4(_TMP23.x,_TMP23.y,_TMP23.z,1.0);_OUT._UV2=ATTR8.xx*uvTransform[0]+ATTR8.yy*uvTransform[1]+uvTransform[2];tz_TexCoord[0].xy=_OUT._UV2;gl_Position=_OUT._Position4;tz_Color=_OUT._Color;}"},"fp_flat":{"type": "fragment","code": "#ifdef GL_ES\n#define TZ_LOWP lowp\nprecision mediump float;\nprecision mediump int;\n#else\n#define TZ_LOWP\n#endif\nvarying TZ_LOWP vec4 tz_Color;\nvoid main()\n{gl_FragColor=tz_Color;}"},"vp_flat_skinned":{"type": "vertex","code": "#ifdef GL_ES\n#define TZ_LOWP lowp\nprecision mediump float;\nprecision mediump int;\n#else\n#define TZ_LOWP\n#endif\nvarying TZ_LOWP vec4 tz_Color;attribute vec4 ATTR0;attribute vec3 ATTR2;\nstruct SkinTransform{vec4 _X;vec4 _Y;vec4 _Z;};struct VP_FLAT_OUT{vec4 _Position6;vec4 _Color1;};float _TMP1;float _TMP8;float _TMP4;float _TMP3;vec3 _TMP0;float _TMP7;float _TMP6;float _TMP5;vec4 _indices0027;ivec4 _Indices0027;SkinTransform _skinWeightTransform0027;vec4 _p0049;vec3 _v0065;float _TMP74;attribute vec4 ATTR7;attribute vec4 ATTR1;uniform vec4 skinBones[225];uniform vec4 worldTranspose[3];uniform vec3 worldInverseTranspose[3];uniform vec4 worldViewProjection[4];uniform vec4 materialColor;uniform vec3 lightPosition;uniform vec3 lightColor;uniform vec3 ambientColor;void main()\n{VP_FLAT_OUT _OUT;vec4 _skinTempPosition;vec3 _Position;vec3 _Normal;vec3 _position;vec3 _normal;vec3 _lv;vec3 _color;vec3 _TMP23;_indices0027=ATTR7*3.0;_Indices0027=ivec4(int(_indices0027.x),int(_indices0027.y),int(_indices0027.z),int(_indices0027.w));_skinWeightTransform0027._X=ATTR1.x*skinBones[_Indices0027.x];_skinWeightTransform0027._Y=ATTR1.x*skinBones[(_Indices0027.x+1)];_skinWeightTransform0027._Z=ATTR1.x*skinBones[(_Indices0027.x+2)];_skinWeightTransform0027._X=_skinWeightTransform0027._X+ATTR1.y*skinBones[_Indices0027.y];_skinWeightTransform0027._Y=_skinWeightTransform0027._Y+ATTR1.y*skinBones[(_Indices0027.y+1)];_skinWeightTransform0027._Z=_skinWeightTransform0027._Z+ATTR1.y*skinBones[(_Indices0027.y+2)];_skinWeightTransform0027._X=_skinWeightTransform0027._X+ATTR1.z*skinBones[_Indices0027.z];_skinWeightTransform0027._Y=_skinWeightTransform0027._Y+ATTR1.z*skinBones[(_Indices0027.z+1)];_skinWeightTransform0027._Z=_skinWeightTransform0027._Z+ATTR1.z*skinBones[(_Indices0027.z+2)];_skinWeightTransform0027._X=_skinWeightTransform0027._X+ATTR1.w*skinBones[_Indices0027.w];_skinWeightTransform0027._Y=_skinWeightTransform0027._Y+ATTR1.w*skinBones[(_Indices0027.w+1)];_skinWeightTransform0027._Z=_skinWeightTransform0027._Z+ATTR1.w*skinBones[(_Indices0027.w+2)];_skinTempPosition=vec4(ATTR0.x,ATTR0.y,ATTR0.z,1.0);_Position.x=dot(_skinTempPosition,_skinWeightTransform0027._X);_Position.y=dot(_skinTempPosition,_skinWeightTransform0027._Y);_Position.z=dot(_skinTempPosition,_skinWeightTransform0027._Z);_Normal.x=dot(ATTR2.xyz,_skinWeightTransform0027._X.xyz);_Normal.y=dot(ATTR2.xyz,_skinWeightTransform0027._Y.xyz);_Normal.z=dot(ATTR2.xyz,_skinWeightTransform0027._Z.xyz);_TMP3=dot(_Normal,_Normal);_TMP4=inversesqrt(_TMP3);_Normal=_TMP4*_Normal;_OUT._Position6=_Position.xxxx*worldViewProjection[0]+_Position.yyyy*worldViewProjection[1]+_Position.zzzz*worldViewProjection[2]+worldViewProjection[3];_p0049=vec4(_Position.x,_Position.y,_Position.z,1.0);_TMP5=dot(_p0049,worldTranspose[0]);_TMP6=dot(_p0049,worldTranspose[1]);_TMP7=dot(_p0049,worldTranspose[2]);_position=vec3(_TMP5,_TMP6,_TMP7);_TMP0=_Normal.xxx*worldInverseTranspose[0]+_Normal.yyy*worldInverseTranspose[1]+_Normal.zzz*worldInverseTranspose[2];_TMP3=dot(_TMP0,_TMP0);_TMP4=inversesqrt(_TMP3);_normal=_TMP4*_TMP0;_v0065=lightPosition-_position;_TMP3=dot(_v0065,_v0065);_TMP4=inversesqrt(_TMP3);_lv=_TMP4*_v0065;_TMP1=dot(_normal,_lv);_TMP8=min(1.0,_TMP1);_TMP74=max(0.0,_TMP8);_color=_TMP74*lightColor+ambientColor;_TMP23=_color*materialColor.xyz;_OUT._Color1=vec4(_TMP23.x,_TMP23.y,_TMP23.z,materialColor.w);gl_Position=_OUT._Position6;tz_Color=_OUT._Color1;}"},"vp_flat":{"type": "vertex","code": "#ifdef GL_ES\n#define TZ_LOWP lowp\nprecision mediump float;\nprecision mediump int;\n#else\n#define TZ_LOWP\n#endif\nvarying TZ_LOWP vec4 tz_Color;attribute vec4 ATTR0;attribute vec3 ATTR2;\nstruct VP_FLAT_OUT{vec4 _Position5;vec4 _Color1;};float _TMP1;float _TMP8;float _TMP7;float _TMP6;vec3 _TMP0;float _TMP5;float _TMP4;float _TMP3;vec4 _p0028;vec3 _v0044;float _TMP53;uniform vec4 worldTranspose[3];uniform vec3 worldInverseTranspose[3];uniform vec4 worldViewProjection[4];uniform vec4 materialColor;uniform vec3 lightPosition;uniform vec3 lightColor;uniform vec3 ambientColor;void main()\n{VP_FLAT_OUT _OUT;vec3 _position;vec3 _normal;vec3 _lv;vec3 _color;vec3 _TMP23;_OUT._Position5=ATTR0.xxxx*worldViewProjection[0]+ATTR0.yyyy*worldViewProjection[1]+ATTR0.zzzz*worldViewProjection[2]+worldViewProjection[3];_p0028=vec4(ATTR0.x,ATTR0.y,ATTR0.z,1.0);_TMP3=dot(_p0028,worldTranspose[0]);_TMP4=dot(_p0028,worldTranspose[1]);_TMP5=dot(_p0028,worldTranspose[2]);_position=vec3(_TMP3,_TMP4,_TMP5);_TMP0=ATTR2.xxx*worldInverseTranspose[0]+ATTR2.yyy*worldInverseTranspose[1]+ATTR2.zzz*worldInverseTranspose[2];_TMP6=dot(_TMP0,_TMP0);_TMP7=inversesqrt(_TMP6);_normal=_TMP7*_TMP0;_v0044=lightPosition-_position;_TMP6=dot(_v0044,_v0044);_TMP7=inversesqrt(_TMP6);_lv=_TMP7*_v0044;_TMP1=dot(_normal,_lv);_TMP8=min(1.0,_TMP1);_TMP53=max(0.0,_TMP8);_color=_TMP53*lightColor+ambientColor;_TMP23=_color*materialColor.xyz;_OUT._Color1=vec4(_TMP23.x,_TMP23.y,_TMP23.z,materialColor.w);gl_Position=_OUT._Position5;tz_Color=_OUT._Color1;}"}}}