{"version": 1,"name": "video.cgfx","samplers":{"texture":{"MinFilter": 9729,"MagFilter": 9729,"WrapS": 33071,"WrapT": 33071}},"parameters":{"clipSpace":{"type": "float","columns": 4},"color":{"type": "float","columns": 4},"texture":{"type": "sampler2D"}},"techniques":{"video":[{"parameters": ["clipSpace","color","texture"],"semantics": ["ATTR0","ATTR8"],"states":{"DepthTestEnable": false,"DepthMask": false,"CullFaceEnable": false,"BlendEnable": false},"programs": ["vp_video","fp_video"]}]},"programs":{"fp_video":{"type": "fragment","code": "#ifdef GL_ES\n#define TZ_LOWP lowp\nprecision mediump float;\nprecision mediump int;\n#else\n#define TZ_LOWP\n#endif\nvarying vec4 tz_TexCoord[1];\nvec4 _ret_0;vec4 _TMP0;uniform vec4 color;uniform sampler2D texture;void main()\n{_TMP0=texture2D(texture,tz_TexCoord[0].xy);_ret_0=color*_TMP0;gl_FragColor=_ret_0;}"},"vp_video":{"type": "vertex","code": "#ifdef GL_ES\n#define TZ_LOWP lowp\nprecision mediump float;\nprecision mediump int;\n#else\n#define TZ_LOWP\n#endif\nvarying vec4 tz_TexCoord[1];attribute vec4 ATTR0;attribute vec4 ATTR8;\nvec4 _OutPosition1;vec2 _OutTexCoord1;uniform vec4 clipSpace;void main()\n{vec2 _TMP3;_TMP3=ATTR0.xy*clipSpace.xy+clipSpace.zw;_OutPosition1=vec4(_TMP3.x,_TMP3.y,0.0,1.0);_OutTexCoord1=ATTR8.xy;tz_TexCoord[0].xy=ATTR8.xy;gl_Position=_OutPosition1;}"}}}