{
    "urnmapping": {
        "sounds/backgroundSound.ogg": "bg_sound_bcdfghjklmnpqrstvz.ogg",
        "sounds/backgroundSound.mp3": "bg_sound_aeiou.mp3",
        "shaders/morph.cgfx": "morph_ulC3a5sT9q-ScF4X3q9qYg.cgfx.json",
        "sounds/duck.ogg": "duck_wTACjrIcswSIgSnYDGcSgw.ogg",
        "textures/crate.jpg": "crate_iNCW2r5robClgG6xvI-XtA.jpg",
        "textures/texture_table.dds": "texture_table_YjNNCgUdam8oVaT8JEhbYA.dds",
        "boy_10.png": "boy_10_ZY6NwL-LmgmzaZSr-SQgmQ.png",
        "textures/Texture_Floor_Wood.dds": "Texture_Floor_Wood_rONQWj2bxbT-45WOMgHb4g.dds",
        "shaders/generic3D.cgfx": "generic3D_F3YEad2434UGlX0i8mNGNQ.cgfx.json",
        "textures/particle_spark.png": "particle_spark_ZY6NwL-LmgmzaZSr-SQgmQ.png",
        "textures/boy_50.png": "boy_50_ZY6NwL-LmgmzaZSr-SQgmQ.png",
        "shaders/video.cgfx": "video_3sP_cpwtpBs3lrRCP3tSDA.cgfx.json",
        "textures/texfxdisplace.png": "texfxdisplace_ZY6NwL-LmgmzaZSr-SQgmQ.png",
        "shaders/font.cgfx": "font_zE6k3AovpeWStyEQP2HP3Q.cgfx.json",
        "shaders/shadowmapping.cgfx": "shadowmapping_Hjfp3bcKp8Ekqy6wdHnrsg.cgfx.json",
        "textures/noise.dds": "noise_GY_MCjVQAmCBB2DxNqZlbA.dds",
        "models/duck_trianglemesh.dae": "duck_trianglemesh_XtYUMS7Fs1TtVQ-jdlf2Ew.dae.json",
        "textures/down.png": "down_ZY6NwL-LmgmzaZSr-SQgmQ.png",
        "shaders/draw2D.cgfx": "draw2D_ej6djWLyrAIsijJcUcWaTw.cgfx.json",
        "shaders/forwardrendering.cgfx": "forwardrendering_N5U_rsvl5uVWJVOjAoBXMQ.cgfx.json",
        "shaders/postfx.cgfx": "postfx_oc5P1kVxNm889uT4gNCnLg.cgfx.json",
        "models/duck_morph.dae": "duck_morph_qGpoMaLRM3K8737wh43v0w.dae.json",
        "models/duck.dae": "duck_RAL_-vbPSiAZSiVSegoyEg.dae.json",
        "models/diningroom.dae": "diningroom_4OxGvYAifCo8SBJ5hjQg9A.dae.json",
        "textures/draw2DStar.png": "draw2DStar_ZY6NwL-LmgmzaZSr-SQgmQ.png",
        "textures/draw2DSquare.png": "draw2DSquare_ZY6NwL-LmgmzaZSr-SQgmQ.png",
        "textures/nought.png": "nought_ZY6NwL-LmgmzaZSr-SQgmQ.png",
        "textures/aozoraminchoregular_4.png": "aozoraminchoregular_4_ZY6NwL-LmgmzaZSr-SQgmQ.png",
        "textures/aozoraminchoregular_3.png": "aozoraminchoregular_3_ZY6NwL-LmgmzaZSr-SQgmQ.png",
        "textures/smoke.dds": "smoke_mkUwbDaj1zaWbiGtpq9akA.dds",
        "textures/default_light.png": "default_light_ZY6NwL-LmgmzaZSr-SQgmQ.png",
        "textures/boy_30.png": "boy_30_ZY6NwL-LmgmzaZSr-SQgmQ.png",
        "shaders/particles-default-render.cgfx": "particles-default-render_c1xz3cfpgTxsMwdcAcTBBQ.cgfx.json",
        "fonts/hero.fnt": "hero_-1NkilTqQu99zONjwb9s2Q.fnt.json",
        "textures/boy_10.png": "boy_10_ZY6NwL-LmgmzaZSr-SQgmQ.png",
        "shaders/deferredopaque.cgfx": "deferredopaque_R2U2oT-smmX-PvS9TiRzJA.cgfx.json",
        "textures/brick.png": "brick_ZY6NwL-LmgmzaZSr-SQgmQ.png",
        "textures/cross.png": "cross_ZY6NwL-LmgmzaZSr-SQgmQ.png",
        "textures/boy_40.png": "boy_40_ZY6NwL-LmgmzaZSr-SQgmQ.png",
        "fonts/aozoraminchoregular.fnt": "aozoraminchoregular_ujcH-eszSBzKaa2-5KQ3Sg.fnt.json",
        "shaders/standard.cgfx": "standard_DmVwgn886PC17zpUrb_UtQ.cgfx.json",
        "shaders/deferredlights.cgfx": "deferredlights_aY6Iofu8_TVlsvHxz8mmnA.cgfx.json",
        "sounds/duck.mp3": "duck_iw6jCwbWim0extet9Y1UMA.mp3",
        "textures/tictactoeboard.png": "tictactoeboard_ZY6NwL-LmgmzaZSr-SQgmQ.png",
        "textures/flamesmokesequence.png": "flamesmokesequence_ZY6NwL-LmgmzaZSr-SQgmQ.png",
        "textures/physics2d.png": "physics2d_ZY6NwL-LmgmzaZSr-SQgmQ.png",
        "sounds/turbulenzanimation.mp3": "turbulenzanimation_u5nCddlWJTCxntRMQejtEA.mp3",
        "textures/logo.png": "logo_ZY6NwL-LmgmzaZSr-SQgmQ.png",
        "models/cube.dae": "cube_xCZr4q0EnB_llYURtGh1ng.dae.json",
        "models/watercan.obj": "watercan_jSsMt1g4VrvO07HHK9wOaA.obj.json",
        "textures/draw2DCircle.png": "draw2DCircle_ZY6NwL-LmgmzaZSr-SQgmQ.png",
        "textures/texture_cha_0063.dds": "texture_cha_0063_cJkoCZiSHzMb3V97LTsZew.dds",
        "textures/texture_carpet.dds": "texture_carpet_SrSyQNxhhjn2bf0r3slnEw.dds",
        "sounds/furelise.mp3": "furelise_obc0MWWMZehTzN4-sB6F9w.mp3",
        "shaders/deferredtransparent.cgfx": "deferredtransparent_l9BMB2HuT8vsElguWowJCQ.cgfx.json",
        "sounds/furelise.ogg": "furelise_P7T8RG9K7Q3_2XXZ7W8IjA.ogg",
        "textures/stones.jpg": "stones_bOStR7-nm2wOSGNgQMHfuQ.jpg",
        "shaders/zonly.cgfx": "zonly_95Gv65ejremy0fLnLX6lgA.cgfx.json",
        "textures/aozoraminchoregular_0.png": "aozoraminchoregular_0_ZY6NwL-LmgmzaZSr-SQgmQ.png",
        "shaders/defaultrendering.cgfx": "defaultrendering_anJrhOohm8LurYpreXoZmw.cgfx.json",
        "textures/aozoraminchoregular_2.png": "aozoraminchoregular_2_ZY6NwL-LmgmzaZSr-SQgmQ.png",
        "models/Seymour.dae": "Seymour_Slu-dOvSaHU7hMlsBgQ5Rw.dae.json",
        "textures/duck.png": "duck_ZY6NwL-LmgmzaZSr-SQgmQ.png",
        "textures/hero_0.dds": "hero_0_rSC3yUvTKUvB2Qi1CUpwoQ.dds",
        "videos/turbulenzanimation.mp4": "turbulenzanimation_VifuP2eEAV2_3SM8r654VA.mp4",
        "shaders/npot2D.cgfx": "npot2D_efztBGFV5P3Qeeqbo23cTQ.cgfx.json",
        "shaders/particles-default-update.cgfx": "particles-default-update_QieFkS-nk1cxL1J6fX0o7A.cgfx.json",
        "textures/up.png": "up_ZY6NwL-LmgmzaZSr-SQgmQ.png",
        "textures/aozoraminchoregular_1.png": "aozoraminchoregular_1_ZY6NwL-LmgmzaZSr-SQgmQ.png",
        "shaders/forwardrenderingshadows.cgfx": "forwardrenderingshadows_aWMPYQhNZlDxJONzisZsRw.cgfx.json",
        "textures/particle_star.png": "particle_star_ZY6NwL-LmgmzaZSr-SQgmQ.png",
        "models/sphere.dae": "sphere_OogQlIC4K1YU23j4kL1Hog.dae.json",
        "textures/boy_20.png": "boy_20_ZY6NwL-LmgmzaZSr-SQgmQ.png",
        "models/Seymour_anim2.dae": "Seymour_anim2_BIHBOA_mRHwz33Wy3jOIFw.dae.json",
        "textures/texfxbg.png": "texfxbg_ZY6NwL-LmgmzaZSr-SQgmQ.png",
        "sounds/turbulenzanimation.ogg": "turbulenzanimation_3GarHZdNC5Bh_8EBewoIbA.ogg",
        "textures/brick.dds": "brick_r48IpINhZDaza1Bb4e_dUA.dds",
        "videos/turbulenzanimation.webm": "turbulenzanimation_1B2M2Y8AsgTpgAmY7PhCfg.webm",
        "shaders/posteffects.cgfx": "posteffects_q6djQ2U048Wo_1nRYEs8ZA.cgfx.json",
        "shaders/debug.cgfx": "debug_T7ARwDLI-s6HcBysJTegUA.cgfx.json",
        "shaders/generic2D.cgfx": "generic2D_MpUZIOHz8MeY2FEZ3AZA3Q.cgfx.json",
        "models/Seymour_anim2_rot90_anim_only.dae": "Seymour_anim2_rot90_anim_only_kCUq3mR6Edj4B62zMyjOZA.dae.json"
    }
}